-- MySQL Script generated by MySQL Workbench
-- 11/25/17 15:37:00
-- Model: New Model    Version: 1.0
-- MySQL Workbench Forward Engineering

SET @OLD_UNIQUE_CHECKS=@@UNIQUE_CHECKS, UNIQUE_CHECKS=0;
SET @OLD_FOREIGN_KEY_CHECKS=@@FOREIGN_KEY_CHECKS, FOREIGN_KEY_CHECKS=0;
SET @OLD_SQL_MODE=@@SQL_MODE, SQL_MODE='TRADITIONAL,ALLOW_INVALID_DATES';

-- -----------------------------------------------------
-- Schema mydb
-- -----------------------------------------------------
-- -----------------------------------------------------
-- Schema miracles
-- -----------------------------------------------------

-- -----------------------------------------------------
-- Schema miracles
-- -----------------------------------------------------
CREATE SCHEMA IF NOT EXISTS `miracles` DEFAULT CHARACTER SET utf8 ;
USE `miracles` ;

-- -----------------------------------------------------
-- Table `miracles`.`barang_kategori`
-- -----------------------------------------------------
CREATE TABLE IF NOT EXISTS `miracles`.`barang_kategori` (
  `id` INT(11) NOT NULL AUTO_INCREMENT,
  `nama` VARCHAR(255) NULL DEFAULT NULL,
  `url_photo` TEXT NULL,
  `url_page` TEXT NULL,
  `deleted_at` DATETIME NULL,
  PRIMARY KEY (`id`))
ENGINE = InnoDB
AUTO_INCREMENT = 8
DEFAULT CHARACTER SET = utf8;


-- -----------------------------------------------------
-- Table `miracles`.`barang`
-- -----------------------------------------------------
CREATE TABLE IF NOT EXISTS `miracles`.`barang` (
  `id` INT(11) NOT NULL AUTO_INCREMENT,
  `nama` VARCHAR(255) NULL DEFAULT NULL,
  `stok` DECIMAL(19,4) NULL,
  `keterangan` TEXT NULL DEFAULT NULL,
  `id_barang_kategori` INT(11) NOT NULL,
  `berat` INT NULL,
  `url_page` TEXT NULL,
  `deleted_at` DATETIME NULL,
  `created_at` DATETIME NULL,
  `updated_at` DATETIME NULL,
  `keterangandetail` TEXT NULL,
  PRIMARY KEY (`id`),
  INDEX `fk_barang_barang_kategori1_idx` (`id_barang_kategori` ASC),
  CONSTRAINT `fk_barang_barang_kategori1`
    FOREIGN KEY (`id_barang_kategori`)
    REFERENCES `miracles`.`barang_kategori` (`id`)
    ON DELETE NO ACTION
    ON UPDATE NO ACTION)
ENGINE = InnoDB
AUTO_INCREMENT = 3
DEFAULT CHARACTER SET = utf8;


-- -----------------------------------------------------
-- Table `miracles`.`barang_foto`
-- -----------------------------------------------------
CREATE TABLE IF NOT EXISTS `miracles`.`barang_foto` (
  `id` INT(11) NOT NULL AUTO_INCREMENT,
  `nama` VARCHAR(45) NULL,
  `url_photo` TEXT NULL DEFAULT NULL,
  `utama` TINYINT(4) NULL DEFAULT '0',
  `id_barang` INT(11) NOT NULL,
  PRIMARY KEY (`id`),
  INDEX `fk_barang_foto_barang1_idx` (`id_barang` ASC),
  CONSTRAINT `fk_barang_foto_barang1`
    FOREIGN KEY (`id_barang`)
    REFERENCES `miracles`.`barang` (`id`)
    ON DELETE NO ACTION
    ON UPDATE NO ACTION)
ENGINE = InnoDB
AUTO_INCREMENT = 9
DEFAULT CHARACTER SET = utf8;


-- -----------------------------------------------------
-- Table `miracles`.`barang_warna`
-- -----------------------------------------------------
CREATE TABLE IF NOT EXISTS `miracles`.`barang_warna` (
  `id` INT(11) NOT NULL AUTO_INCREMENT,
  `nama` VARCHAR(45) NULL,
  `warna` VARCHAR(45) NULL DEFAULT NULL,
  `tersedia` TINYINT(1) NULL DEFAULT NULL,
  `id_barang` INT(11) NOT NULL,
  PRIMARY KEY (`id`),
  INDEX `fk_barang_warna_barang1_idx` (`id_barang` ASC),
  CONSTRAINT `fk_barang_warna_barang1`
    FOREIGN KEY (`id_barang`)
    REFERENCES `miracles`.`barang` (`id`)
    ON DELETE NO ACTION
    ON UPDATE NO ACTION)
ENGINE = InnoDB
AUTO_INCREMENT = 5
DEFAULT CHARACTER SET = utf8;


-- -----------------------------------------------------
-- Table `miracles`.`department`
-- -----------------------------------------------------
CREATE TABLE IF NOT EXISTS `miracles`.`department` (
  `id` INT NOT NULL AUTO_INCREMENT,
  `nama` VARCHAR(45) NULL,
  `deleted_at` DATETIME NULL,
  `isdefault` TINYINT NULL,
  `isadmin` TINYINT NULL,
  PRIMARY KEY (`id`))
ENGINE = InnoDB;


-- -----------------------------------------------------
-- Table `miracles`.`users`
-- -----------------------------------------------------
CREATE TABLE IF NOT EXISTS `miracles`.`users` (
  `id` INT(11) UNSIGNED NOT NULL AUTO_INCREMENT,
  `email` VARCHAR(100) NOT NULL,
  `password` TEXT NOT NULL,
  `nama` VARCHAR(255) NULL,
  `notelp` VARCHAR(20) NULL,
  `gender` VARCHAR(100) NULL,
  `remember_token` TEXT NULL,
  `verified` VARCHAR(45) NULL,
  `url_photo` TEXT NULL,
  `deleted_at` DATETIME NULL,
  `department_id` INT NOT NULL,
  PRIMARY KEY (`id`),
  UNIQUE INDEX `email_UNIQUE` (`email` ASC),
  INDEX `fk_users_department1_idx` (`department_id` ASC),
  CONSTRAINT `fk_users_department1`
    FOREIGN KEY (`department_id`)
    REFERENCES `miracles`.`department` (`id`)
    ON DELETE NO ACTION
    ON UPDATE NO ACTION)
ENGINE = InnoDB
AUTO_INCREMENT = 4
DEFAULT CHARACTER SET = utf8;


-- -----------------------------------------------------
-- Table `miracles`.`cart`
-- -----------------------------------------------------
CREATE TABLE IF NOT EXISTS `miracles`.`cart` (
  `id` INT(11) NOT NULL AUTO_INCREMENT,
  `qty` DECIMAL(19,4) NULL,
  `id_cust` INT(11) UNSIGNED NOT NULL,
  `id_barang` INT(11) NOT NULL,
  `id_barang_warna` INT(11) NOT NULL,
  `check_out` TINYINT NULL,
  PRIMARY KEY (`id`),
  INDEX `fk_cart_users1_idx` (`id_cust` ASC),
  INDEX `fk_cart_barang1_idx` (`id_barang` ASC),
  INDEX `fk_cart_barang_warna1_idx` (`id_barang_warna` ASC),
  CONSTRAINT `fk_cart_users1`
    FOREIGN KEY (`id_cust`)
    REFERENCES `miracles`.`users` (`id`)
    ON DELETE NO ACTION
    ON UPDATE NO ACTION,
  CONSTRAINT `fk_cart_barang1`
    FOREIGN KEY (`id_barang`)
    REFERENCES `miracles`.`barang` (`id`)
    ON DELETE NO ACTION
    ON UPDATE NO ACTION,
  CONSTRAINT `fk_cart_barang_warna1`
    FOREIGN KEY (`id_barang_warna`)
    REFERENCES `miracles`.`barang_warna` (`id`)
    ON DELETE NO ACTION
    ON UPDATE NO ACTION)
ENGINE = InnoDB;


-- -----------------------------------------------------
-- Table `miracles`.`bank`
-- -----------------------------------------------------
CREATE TABLE IF NOT EXISTS `miracles`.`bank` (
  `id` INT(11) NOT NULL AUTO_INCREMENT,
  `nama` VARCHAR(255) NULL,
  `url_photo` TEXT NULL,
  `deleted_at` DATETIME NULL,
  PRIMARY KEY (`id`),
  UNIQUE INDEX `nama_UNIQUE` (`nama` ASC))
ENGINE = InnoDB;


-- -----------------------------------------------------
-- Table `miracles`.`bank_users`
-- -----------------------------------------------------
CREATE TABLE IF NOT EXISTS `miracles`.`bank_users` (
  `id` INT(11) NOT NULL AUTO_INCREMENT,
  `id_bank` INT(11) NOT NULL,
  `id_users` INT(11) UNSIGNED NOT NULL,
  `no_rekening` VARCHAR(255) NULL,
  `nama_pemilik` VARCHAR(255) NULL,
  `deleted_at` DATETIME NULL,
  INDEX `fk_bank_has_users_users1_idx` (`id_users` ASC),
  INDEX `fk_bank_has_users_bank1_idx` (`id_bank` ASC),
  PRIMARY KEY (`id`),
  CONSTRAINT `fk_bank_has_users_bank1`
    FOREIGN KEY (`id_bank`)
    REFERENCES `miracles`.`bank` (`id`)
    ON DELETE NO ACTION
    ON UPDATE NO ACTION,
  CONSTRAINT `fk_bank_has_users_users1`
    FOREIGN KEY (`id_users`)
    REFERENCES `miracles`.`users` (`id`)
    ON DELETE NO ACTION
    ON UPDATE NO ACTION)
ENGINE = InnoDB;


-- -----------------------------------------------------
-- Table `miracles`.`provinsi`
-- -----------------------------------------------------
CREATE TABLE IF NOT EXISTS `miracles`.`provinsi` (
  `id` INT(11) NOT NULL AUTO_INCREMENT,
  `nama` VARCHAR(255) NULL,
  `deleted_at` DATETIME NULL,
  PRIMARY KEY (`id`))
ENGINE = InnoDB;


-- -----------------------------------------------------
-- Table `miracles`.`kota`
-- -----------------------------------------------------
CREATE TABLE IF NOT EXISTS `miracles`.`kota` (
  `id` INT(11) NOT NULL AUTO_INCREMENT,
  `nama` VARCHAR(255) NULL,
  `id_provinsi` INT(11) NOT NULL,
  `type` VARCHAR(100) NULL,
  `kodepos` VARCHAR(100) NULL,
  `deleted_at` DATETIME NULL,
  PRIMARY KEY (`id`),
  INDEX `fk_kota_provinsi1_idx` (`id_provinsi` ASC),
  CONSTRAINT `fk_kota_provinsi1`
    FOREIGN KEY (`id_provinsi`)
    REFERENCES `miracles`.`provinsi` (`id`)
    ON DELETE NO ACTION
    ON UPDATE NO ACTION)
ENGINE = InnoDB;


-- -----------------------------------------------------
-- Table `miracles`.`users_alamat`
-- -----------------------------------------------------
CREATE TABLE IF NOT EXISTS `miracles`.`users_alamat` (
  `id` INT(11) NOT NULL AUTO_INCREMENT,
  `nama` VARCHAR(255) NULL,
  `alamat` VARCHAR(255) NULL,
  `kodepos` VARCHAR(100) NULL,
  `nama_penerima` VARCHAR(255) NULL,
  `telepon` VARCHAR(20) NULL,
  `id_users` INT(11) UNSIGNED NOT NULL,
  `utama` TINYINT NULL,
  `deleted_at` DATETIME NULL,
  `kota_id` INT(11) NOT NULL,
  PRIMARY KEY (`id`),
  INDEX `fk_alamat_users1_idx` (`id_users` ASC),
  INDEX `fk_users_alamat_kota1_idx` (`kota_id` ASC),
  CONSTRAINT `fk_alamat_users1`
    FOREIGN KEY (`id_users`)
    REFERENCES `miracles`.`users` (`id`)
    ON DELETE NO ACTION
    ON UPDATE NO ACTION,
  CONSTRAINT `fk_users_alamat_kota1`
    FOREIGN KEY (`kota_id`)
    REFERENCES `miracles`.`kota` (`id`)
    ON DELETE NO ACTION
    ON UPDATE NO ACTION)
ENGINE = InnoDB;


-- -----------------------------------------------------
-- Table `miracles`.`h_transaksi`
-- -----------------------------------------------------
CREATE TABLE IF NOT EXISTS `miracles`.`h_transaksi` (
  `id` INT(11) NOT NULL AUTO_INCREMENT,
  `no_invoice` VARCHAR(255) NULL,
  `tgl` TIMESTAMP NULL DEFAULT current_timestamp,
  `biaya_ongkir` DECIMAL(19,4) NOT NULL,
  `unique_harga` DECIMAL(19,4) NULL,
  `grand_total` DECIMAL(19,4) NOT NULL,
  `terbayar` DECIMAL(19,4) NULL,
  `sisa_bayar` DECIMAL(19,4) NULL,
  `konfirmasi` TINYINT NULL,
  `url_bukti` TEXT NULL,
  `deleted_at` DATETIME NULL,
  `bank_users_id` INT(11) NOT NULL,
  `users_alamat_id` INT(11) NOT NULL,
  `id_cust` INT(11) UNSIGNED NOT NULL,
  `kurir` VARCHAR(45) NULL,
  `kurir_paket` VARCHAR(100) NULL,
  `no_resi` VARCHAR(255) NULL,
  `diterima` TINYINT NULL,
  PRIMARY KEY (`id`),
  INDEX `fk_h_transaksi_bank_users1_idx` (`bank_users_id` ASC),
  INDEX `fk_h_transaksi_users_alamat1_idx` (`users_alamat_id` ASC),
  INDEX `fk_h_transaksi_users1_idx` (`id_cust` ASC),
  CONSTRAINT `fk_h_transaksi_bank_users1`
    FOREIGN KEY (`bank_users_id`)
    REFERENCES `miracles`.`bank_users` (`id`)
    ON DELETE NO ACTION
    ON UPDATE NO ACTION,
  CONSTRAINT `fk_h_transaksi_users_alamat1`
    FOREIGN KEY (`users_alamat_id`)
    REFERENCES `miracles`.`users_alamat` (`id`)
    ON DELETE NO ACTION
    ON UPDATE NO ACTION,
  CONSTRAINT `fk_h_transaksi_users1`
    FOREIGN KEY (`id_cust`)
    REFERENCES `miracles`.`users` (`id`)
    ON DELETE NO ACTION
    ON UPDATE NO ACTION)
ENGINE = InnoDB;


-- -----------------------------------------------------
-- Table `miracles`.`d_transaksi`
-- -----------------------------------------------------
CREATE TABLE IF NOT EXISTS `miracles`.`d_transaksi` (
  `id` INT(11) NOT NULL AUTO_INCREMENT,
  `harga` DECIMAL(19,4) NULL,
  `subtotal` DECIMAL(19,4) NULL,
  `id_cart` INT(11) NOT NULL,
  `id_h_transaksi` INT(11) NOT NULL,
  PRIMARY KEY (`id`),
  INDEX `fk_d_transaksi_cart1_idx` (`id_cart` ASC),
  INDEX `fk_d_transaksi_h_transaksi1_idx` (`id_h_transaksi` ASC),
  CONSTRAINT `fk_d_transaksi_cart1`
    FOREIGN KEY (`id_cart`)
    REFERENCES `miracles`.`cart` (`id`)
    ON DELETE NO ACTION
    ON UPDATE NO ACTION,
  CONSTRAINT `fk_d_transaksi_h_transaksi1`
    FOREIGN KEY (`id_h_transaksi`)
    REFERENCES `miracles`.`h_transaksi` (`id`)
    ON DELETE NO ACTION
    ON UPDATE NO ACTION)
ENGINE = InnoDB;


-- -----------------------------------------------------
-- Table `miracles`.`h_piutang`
-- -----------------------------------------------------
CREATE TABLE IF NOT EXISTS `miracles`.`h_piutang` (
  `id` INT(11) NOT NULL AUTO_INCREMENT,
  `no_piutang` VARCHAR(255) NULL DEFAULT 'current_timestamp',
  `tgl` TIMESTAMP NULL,
  `grand_total` DECIMAL(19,4) NULL,
  `status` TINYINT(1) NULL DEFAULT 1,
  `deleted_at` DATETIME NULL,
  `id_operator` INT(11) UNSIGNED NOT NULL,
  PRIMARY KEY (`id`),
  INDEX `fk_h_piutang_users1_idx` (`id_operator` ASC),
  CONSTRAINT `fk_h_piutang_users1`
    FOREIGN KEY (`id_operator`)
    REFERENCES `miracles`.`users` (`id`)
    ON DELETE NO ACTION
    ON UPDATE NO ACTION)
ENGINE = InnoDB;


-- -----------------------------------------------------
-- Table `miracles`.`d_piutang`
-- -----------------------------------------------------
CREATE TABLE IF NOT EXISTS `miracles`.`d_piutang` (
  `id` INT(11) NOT NULL AUTO_INCREMENT,
  `dibayar` DECIMAL(19,4) NULL,
  `id_h_transaksi` INT(11) NOT NULL,
  `id_h_piutang` INT(11) NOT NULL,
  PRIMARY KEY (`id`),
  INDEX `fk_d_piutang_h_transaksi1_idx` (`id_h_transaksi` ASC),
  INDEX `fk_d_piutang_h_piutang1_idx` (`id_h_piutang` ASC),
  CONSTRAINT `fk_d_piutang_h_transaksi1`
    FOREIGN KEY (`id_h_transaksi`)
    REFERENCES `miracles`.`h_transaksi` (`id`)
    ON DELETE NO ACTION
    ON UPDATE NO ACTION,
  CONSTRAINT `fk_d_piutang_h_piutang1`
    FOREIGN KEY (`id_h_piutang`)
    REFERENCES `miracles`.`h_piutang` (`id`)
    ON DELETE NO ACTION
    ON UPDATE NO ACTION)
ENGINE = InnoDB;


-- -----------------------------------------------------
-- Table `miracles`.`kecamatan`
-- -----------------------------------------------------
CREATE TABLE IF NOT EXISTS `miracles`.`kecamatan` (
  `id` INT(11) NOT NULL AUTO_INCREMENT,
  `nama` VARCHAR(255) NULL,
  `deleted_at` DATETIME NULL,
  PRIMARY KEY (`id`))
ENGINE = InnoDB;


-- -----------------------------------------------------
-- Table `miracles`.`modul`
-- -----------------------------------------------------
CREATE TABLE IF NOT EXISTS `miracles`.`modul` (
  `id` INT NOT NULL AUTO_INCREMENT,
  `modul` VARCHAR(45) NULL,
  `url` TEXT NULL,
  PRIMARY KEY (`id`))
ENGINE = InnoDB;


-- -----------------------------------------------------
-- Table `miracles`.`barang_has_department`
-- -----------------------------------------------------
CREATE TABLE IF NOT EXISTS `miracles`.`barang_has_department` (
  `barang_id` INT(11) NOT NULL,
  `department_id` INT NOT NULL,
  `harga` DECIMAL(19,4) NULL,
  PRIMARY KEY (`barang_id`, `department_id`),
  INDEX `fk_barang_has_department_department1_idx` (`department_id` ASC),
  INDEX `fk_barang_has_department_barang1_idx` (`barang_id` ASC),
  CONSTRAINT `fk_barang_has_department_barang1`
    FOREIGN KEY (`barang_id`)
    REFERENCES `miracles`.`barang` (`id`)
    ON DELETE NO ACTION
    ON UPDATE NO ACTION,
  CONSTRAINT `fk_barang_has_department_department1`
    FOREIGN KEY (`department_id`)
    REFERENCES `miracles`.`department` (`id`)
    ON DELETE NO ACTION
    ON UPDATE NO ACTION)
ENGINE = InnoDB
DEFAULT CHARACTER SET = utf8;


-- -----------------------------------------------------
-- Table `miracles`.`users_has_barang`
-- -----------------------------------------------------
CREATE TABLE IF NOT EXISTS `miracles`.`users_has_barang` (
  `users_id` INT(11) UNSIGNED NOT NULL,
  `barang_id` INT(11) NOT NULL,
  `comment` TEXT NULL,
  `rating` INT NULL,
  `tgl` DATETIME NULL,
  PRIMARY KEY (`users_id`, `barang_id`),
  INDEX `fk_users_has_barang_barang1_idx` (`barang_id` ASC),
  INDEX `fk_users_has_barang_users1_idx` (`users_id` ASC),
  CONSTRAINT `fk_users_has_barang_users1`
    FOREIGN KEY (`users_id`)
    REFERENCES `miracles`.`users` (`id`)
    ON DELETE NO ACTION
    ON UPDATE NO ACTION,
  CONSTRAINT `fk_users_has_barang_barang1`
    FOREIGN KEY (`barang_id`)
    REFERENCES `miracles`.`barang` (`id`)
    ON DELETE NO ACTION
    ON UPDATE NO ACTION)
ENGINE = InnoDB
DEFAULT CHARACTER SET = utf8;


-- -----------------------------------------------------
-- Table `miracles`.`department_has_modul`
-- -----------------------------------------------------
CREATE TABLE IF NOT EXISTS `miracles`.`department_has_modul` (
  `department_id` INT NOT NULL,
  `modul_id` INT NOT NULL,
  PRIMARY KEY (`department_id`, `modul_id`),
  INDEX `fk_department_has_modul_modul1_idx` (`modul_id` ASC),
  INDEX `fk_department_has_modul_department1_idx` (`department_id` ASC),
  CONSTRAINT `fk_department_has_modul_department1`
    FOREIGN KEY (`department_id`)
    REFERENCES `miracles`.`department` (`id`)
    ON DELETE NO ACTION
    ON UPDATE NO ACTION,
  CONSTRAINT `fk_department_has_modul_modul1`
    FOREIGN KEY (`modul_id`)
    REFERENCES `miracles`.`modul` (`id`)
    ON DELETE NO ACTION
    ON UPDATE NO ACTION)
ENGINE = InnoDB;


-- -----------------------------------------------------
-- Table `miracles`.`cms_contact`
-- -----------------------------------------------------
CREATE TABLE IF NOT EXISTS `miracles`.`cms_contact` (
  `id` INT(11) NOT NULL AUTO_INCREMENT,
  `alamat` VARCHAR(255) NULL DEFAULT NULL,
  `notelp` VARCHAR(20) NULL DEFAULT NULL,
  `email` VARCHAR(255) NULL DEFAULT NULL,
  PRIMARY KEY (`id`))
ENGINE = InnoDB;


-- -----------------------------------------------------
-- Table `miracles`.`cms_home_carousel`
-- -----------------------------------------------------
CREATE TABLE IF NOT EXISTS `miracles`.`cms_home_carousel` (
  `id` INT(11) NOT NULL AUTO_INCREMENT,
  `nama` VARCHAR(45) NULL DEFAULT NULL,
  `keterangan` VARCHAR(255) NULL DEFAULT NULL,
  `url_photo` TEXT NULL DEFAULT NULL,
  PRIMARY KEY (`id`))
ENGINE = InnoDB;


-- -----------------------------------------------------
-- Table `miracles`.`cms_page_image`
-- -----------------------------------------------------
CREATE TABLE IF NOT EXISTS `miracles`.`cms_page_image` (
  `id` INT(11) NOT NULL AUTO_INCREMENT,
  `nama` VARCHAR(45) NULL DEFAULT NULL,
  `url_photo` TEXT NULL DEFAULT NULL,
  PRIMARY KEY (`id`),
  UNIQUE INDEX `nama_UNIQUE` (`nama` ASC))
ENGINE = InnoDB;


SET SQL_MODE=@OLD_SQL_MODE;
SET FOREIGN_KEY_CHECKS=@OLD_FOREIGN_KEY_CHECKS;
SET UNIQUE_CHECKS=@OLD_UNIQUE_CHECKS;

-- -----------------------------------------------------
-- Data for table `miracles`.`barang_kategori`
-- -----------------------------------------------------
START TRANSACTION;
USE `miracles`;
INSERT INTO `miracles`.`barang_kategori` (`id`, `nama`, `url_photo`, `url_page`, `deleted_at`) VALUES (8, 'kabel', 'barang_category/eLpl6RIHvUNx5TGMURMH1xsJfIeCKmfudOQjKaAc.jpeg', 'kabel', NULL);

COMMIT;


-- -----------------------------------------------------
-- Data for table `miracles`.`barang`
-- -----------------------------------------------------
START TRANSACTION;
USE `miracles`;
INSERT INTO `miracles`.`barang` (`id`, `nama`, `stok`, `keterangan`, `id_barang_kategori`, `berat`, `url_page`, `deleted_at`, `created_at`, `updated_at`, `keterangandetail`) VALUES (3, 'rottely kabel', 100.0000, 'keterang barang', 8, 50, 'kabel/rottely-kabel', NULL, '2017-09-15 18:17:33', '2017-09-15 18:17:33', 'detail barang');

COMMIT;


-- -----------------------------------------------------
-- Data for table `miracles`.`barang_foto`
-- -----------------------------------------------------
START TRANSACTION;
USE `miracles`;
INSERT INTO `miracles`.`barang_foto` (`id`, `nama`, `url_photo`, `utama`, `id_barang`) VALUES (9, 'pjezs-01496456127035_4.jpg', 'barang/ZDGsfbJLtEJqzPgytraN9qPMEgM8qh9CzLaS0ZXw.jpeg', 0, 3);
INSERT INTO `miracles`.`barang_foto` (`id`, `nama`, `url_photo`, `utama`, `id_barang`) VALUES (10, 'pjezs-91496456127042_5.jpg', 'barang/kUhLf7xNP2uWFn56QdndwCrYVEXXOXH8M60VhRwa.jpeg', 1, 3);

COMMIT;


-- -----------------------------------------------------
-- Data for table `miracles`.`barang_warna`
-- -----------------------------------------------------
START TRANSACTION;
USE `miracles`;
INSERT INTO `miracles`.`barang_warna` (`id`, `nama`, `warna`, `tersedia`, `id_barang`) VALUES (5, 'ijo', '#59FF26', 0, 3);

COMMIT;


-- -----------------------------------------------------
-- Data for table `miracles`.`department`
-- -----------------------------------------------------
START TRANSACTION;
USE `miracles`;
INSERT INTO `miracles`.`department` (`id`, `nama`, `deleted_at`, `isdefault`, `isadmin`) VALUES (1, 'ADMINISTRATOR', NULL, 0, 1);
INSERT INTO `miracles`.`department` (`id`, `nama`, `deleted_at`, `isdefault`, `isadmin`) VALUES (2, 'GUEST', NULL, 1, 0);
INSERT INTO `miracles`.`department` (`id`, `nama`, `deleted_at`, `isdefault`, `isadmin`) VALUES (3, 'MEMBER', NULL, 0, 0);

COMMIT;


-- -----------------------------------------------------
-- Data for table `miracles`.`users`
-- -----------------------------------------------------
START TRANSACTION;
USE `miracles`;
INSERT INTO `miracles`.`users` (`id`, `email`, `password`, `nama`, `notelp`, `gender`, `remember_token`, `verified`, `url_photo`, `deleted_at`, `department_id`) VALUES (DEFAULT, 'sa@miracle.com', '$2y$10$4ZBmnwBBW6EbjB/tVggL/uy8.9sMYl7eHnBYWpGL4P05VNCiuFVRm', 'admin', NULL, NULL, NULL, '1', NULL, NULL, 1);

COMMIT;


-- -----------------------------------------------------
-- Data for table `miracles`.`cart`
-- -----------------------------------------------------
START TRANSACTION;
USE `miracles`;
INSERT INTO `miracles`.`cart` (`id`, `qty`, `id_cust`, `id_barang`, `id_barang_warna`, `check_out`) VALUES (1, 2.0000, 4, 3, 5, NULL);

COMMIT;


-- -----------------------------------------------------
-- Data for table `miracles`.`provinsi`
-- -----------------------------------------------------
START TRANSACTION;
USE `miracles`;
INSERT INTO `miracles`.`provinsi` (`id`, `nama`, `deleted_at`) VALUES (1, 'Bali', NULL);
INSERT INTO `miracles`.`provinsi` (`id`, `nama`, `deleted_at`) VALUES (2, 'Bangka Belitung', NULL);
INSERT INTO `miracles`.`provinsi` (`id`, `nama`, `deleted_at`) VALUES (3, 'Banten', NULL);
INSERT INTO `miracles`.`provinsi` (`id`, `nama`, `deleted_at`) VALUES (4, 'Bengkulu', NULL);
INSERT INTO `miracles`.`provinsi` (`id`, `nama`, `deleted_at`) VALUES (5, 'DI Yogyakarta', NULL);
INSERT INTO `miracles`.`provinsi` (`id`, `nama`, `deleted_at`) VALUES (6, 'DKI Jakarta', NULL);
INSERT INTO `miracles`.`provinsi` (`id`, `nama`, `deleted_at`) VALUES (7, 'Gorontalo', NULL);
INSERT INTO `miracles`.`provinsi` (`id`, `nama`, `deleted_at`) VALUES (8, 'Jambi', NULL);
INSERT INTO `miracles`.`provinsi` (`id`, `nama`, `deleted_at`) VALUES (9, 'Jawa Barat', NULL);
INSERT INTO `miracles`.`provinsi` (`id`, `nama`, `deleted_at`) VALUES (10, 'Jawa Tengah', NULL);
INSERT INTO `miracles`.`provinsi` (`id`, `nama`, `deleted_at`) VALUES (11, 'Jawa Timur', NULL);
INSERT INTO `miracles`.`provinsi` (`id`, `nama`, `deleted_at`) VALUES (12, 'Kalimantan Barat', NULL);
INSERT INTO `miracles`.`provinsi` (`id`, `nama`, `deleted_at`) VALUES (13, 'Kalimantan Selatan', NULL);
INSERT INTO `miracles`.`provinsi` (`id`, `nama`, `deleted_at`) VALUES (14, 'Kalimantan Tengah', NULL);
INSERT INTO `miracles`.`provinsi` (`id`, `nama`, `deleted_at`) VALUES (15, 'Kalimantan Timur', NULL);
INSERT INTO `miracles`.`provinsi` (`id`, `nama`, `deleted_at`) VALUES (16, 'Kalimantan Utara', NULL);
INSERT INTO `miracles`.`provinsi` (`id`, `nama`, `deleted_at`) VALUES (17, 'Kepulauan Riau', NULL);
INSERT INTO `miracles`.`provinsi` (`id`, `nama`, `deleted_at`) VALUES (18, 'Lampung', NULL);
INSERT INTO `miracles`.`provinsi` (`id`, `nama`, `deleted_at`) VALUES (19, 'Maluku', NULL);
INSERT INTO `miracles`.`provinsi` (`id`, `nama`, `deleted_at`) VALUES (20, 'Maluku Utara', NULL);
INSERT INTO `miracles`.`provinsi` (`id`, `nama`, `deleted_at`) VALUES (21, 'Nanggroe Aceh Darussalam (NAD)', NULL);
INSERT INTO `miracles`.`provinsi` (`id`, `nama`, `deleted_at`) VALUES (22, 'Nusa Tenggara Barat (NTB)', NULL);
INSERT INTO `miracles`.`provinsi` (`id`, `nama`, `deleted_at`) VALUES (23, 'Nusa Tenggara Timur (NTT)', NULL);
INSERT INTO `miracles`.`provinsi` (`id`, `nama`, `deleted_at`) VALUES (24, 'Papua', NULL);
INSERT INTO `miracles`.`provinsi` (`id`, `nama`, `deleted_at`) VALUES (25, 'Papua Barat', NULL);
INSERT INTO `miracles`.`provinsi` (`id`, `nama`, `deleted_at`) VALUES (26, 'Riau', NULL);
INSERT INTO `miracles`.`provinsi` (`id`, `nama`, `deleted_at`) VALUES (27, 'Sulawesi Barat', NULL);
INSERT INTO `miracles`.`provinsi` (`id`, `nama`, `deleted_at`) VALUES (28, 'Sulawesi Selatan', NULL);
INSERT INTO `miracles`.`provinsi` (`id`, `nama`, `deleted_at`) VALUES (29, 'Sulawesi Tengah', NULL);
INSERT INTO `miracles`.`provinsi` (`id`, `nama`, `deleted_at`) VALUES (30, 'Sulawesi Tenggara', NULL);
INSERT INTO `miracles`.`provinsi` (`id`, `nama`, `deleted_at`) VALUES (31, 'Sulawesi Utara', NULL);
INSERT INTO `miracles`.`provinsi` (`id`, `nama`, `deleted_at`) VALUES (32, 'Sumatera Barat', NULL);
INSERT INTO `miracles`.`provinsi` (`id`, `nama`, `deleted_at`) VALUES (33, 'Sumatera Selatan', NULL);
INSERT INTO `miracles`.`provinsi` (`id`, `nama`, `deleted_at`) VALUES (34, 'Sumatera Utara', NULL);

COMMIT;


-- -----------------------------------------------------
-- Data for table `miracles`.`kota`
-- -----------------------------------------------------
START TRANSACTION;
USE `miracles`;
INSERT INTO `miracles`.`kota` (`id`, `nama`, `id_provinsi`, `type`, `kodepos`, `deleted_at`) VALUES (1, 'Aceh Barat', 21, 'Kabupaten', '23681', NULL);
INSERT INTO `miracles`.`kota` (`id`, `nama`, `id_provinsi`, `type`, `kodepos`, `deleted_at`) VALUES (2, 'Aceh Barat Daya', 21, 'Kabupaten', '23764', NULL);
INSERT INTO `miracles`.`kota` (`id`, `nama`, `id_provinsi`, `type`, `kodepos`, `deleted_at`) VALUES (3, 'Aceh Besar', 21, 'Kabupaten', '23951', NULL);
INSERT INTO `miracles`.`kota` (`id`, `nama`, `id_provinsi`, `type`, `kodepos`, `deleted_at`) VALUES (4, 'Aceh Jaya', 21, 'Kabupaten', '23654', NULL);
INSERT INTO `miracles`.`kota` (`id`, `nama`, `id_provinsi`, `type`, `kodepos`, `deleted_at`) VALUES (5, 'Aceh Selatan', 21, 'Kabupaten', '23719', NULL);
INSERT INTO `miracles`.`kota` (`id`, `nama`, `id_provinsi`, `type`, `kodepos`, `deleted_at`) VALUES (6, 'Aceh Singkil', 21, 'Kabupaten', '24785', NULL);
INSERT INTO `miracles`.`kota` (`id`, `nama`, `id_provinsi`, `type`, `kodepos`, `deleted_at`) VALUES (7, 'Aceh Tamiang', 21, 'Kabupaten', '24476', NULL);
INSERT INTO `miracles`.`kota` (`id`, `nama`, `id_provinsi`, `type`, `kodepos`, `deleted_at`) VALUES (8, 'Aceh Tengah', 21, 'Kabupaten', '24511', NULL);
INSERT INTO `miracles`.`kota` (`id`, `nama`, `id_provinsi`, `type`, `kodepos`, `deleted_at`) VALUES (9, 'Aceh Tenggara', 21, 'Kabupaten', '24611', NULL);
INSERT INTO `miracles`.`kota` (`id`, `nama`, `id_provinsi`, `type`, `kodepos`, `deleted_at`) VALUES (10, 'Aceh Timur', 21, 'Kabupaten', '24454', NULL);
INSERT INTO `miracles`.`kota` (`id`, `nama`, `id_provinsi`, `type`, `kodepos`, `deleted_at`) VALUES (11, 'Aceh Utara', 21, 'Kabupaten', '24382', NULL);
INSERT INTO `miracles`.`kota` (`id`, `nama`, `id_provinsi`, `type`, `kodepos`, `deleted_at`) VALUES (12, 'Agam', 32, 'Kabupaten', '26411', NULL);
INSERT INTO `miracles`.`kota` (`id`, `nama`, `id_provinsi`, `type`, `kodepos`, `deleted_at`) VALUES (13, 'Alor', 23, 'Kabupaten', '85811', NULL);
INSERT INTO `miracles`.`kota` (`id`, `nama`, `id_provinsi`, `type`, `kodepos`, `deleted_at`) VALUES (14, 'Ambon', 19, 'Kota', '97222', NULL);
INSERT INTO `miracles`.`kota` (`id`, `nama`, `id_provinsi`, `type`, `kodepos`, `deleted_at`) VALUES (15, 'Asahan', 34, 'Kabupaten', '21214', NULL);
INSERT INTO `miracles`.`kota` (`id`, `nama`, `id_provinsi`, `type`, `kodepos`, `deleted_at`) VALUES (16, 'Asmat', 24, 'Kabupaten', '99777', NULL);
INSERT INTO `miracles`.`kota` (`id`, `nama`, `id_provinsi`, `type`, `kodepos`, `deleted_at`) VALUES (17, 'Badung', 1, 'Kabupaten', '80351', NULL);
INSERT INTO `miracles`.`kota` (`id`, `nama`, `id_provinsi`, `type`, `kodepos`, `deleted_at`) VALUES (18, 'Balangan', 13, 'Kabupaten', '71611', NULL);
INSERT INTO `miracles`.`kota` (`id`, `nama`, `id_provinsi`, `type`, `kodepos`, `deleted_at`) VALUES (19, 'Balikpapan', 15, 'Kota', '76111', NULL);
INSERT INTO `miracles`.`kota` (`id`, `nama`, `id_provinsi`, `type`, `kodepos`, `deleted_at`) VALUES (20, 'Banda Aceh', 21, 'Kota', '23238', NULL);
INSERT INTO `miracles`.`kota` (`id`, `nama`, `id_provinsi`, `type`, `kodepos`, `deleted_at`) VALUES (21, 'Bandar Lampung', 18, 'Kota', '35139', NULL);
INSERT INTO `miracles`.`kota` (`id`, `nama`, `id_provinsi`, `type`, `kodepos`, `deleted_at`) VALUES (22, 'Bandung', 9, 'Kabupaten', '40311', NULL);
INSERT INTO `miracles`.`kota` (`id`, `nama`, `id_provinsi`, `type`, `kodepos`, `deleted_at`) VALUES (23, 'Bandung', 9, 'Kota', '40111', NULL);
INSERT INTO `miracles`.`kota` (`id`, `nama`, `id_provinsi`, `type`, `kodepos`, `deleted_at`) VALUES (24, 'Bandung Barat', 9, 'Kabupaten', '40721', NULL);
INSERT INTO `miracles`.`kota` (`id`, `nama`, `id_provinsi`, `type`, `kodepos`, `deleted_at`) VALUES (25, 'Banggai', 29, 'Kabupaten', '94711', NULL);
INSERT INTO `miracles`.`kota` (`id`, `nama`, `id_provinsi`, `type`, `kodepos`, `deleted_at`) VALUES (26, 'Banggai Kepulauan', 29, 'Kabupaten', '94881', NULL);
INSERT INTO `miracles`.`kota` (`id`, `nama`, `id_provinsi`, `type`, `kodepos`, `deleted_at`) VALUES (27, 'Bangka', 2, 'Kabupaten', '33212', NULL);
INSERT INTO `miracles`.`kota` (`id`, `nama`, `id_provinsi`, `type`, `kodepos`, `deleted_at`) VALUES (28, 'Bangka Barat', 2, 'Kabupaten', '33315', NULL);
INSERT INTO `miracles`.`kota` (`id`, `nama`, `id_provinsi`, `type`, `kodepos`, `deleted_at`) VALUES (29, 'Bangka Selatan', 2, 'Kabupaten', '33719', NULL);
INSERT INTO `miracles`.`kota` (`id`, `nama`, `id_provinsi`, `type`, `kodepos`, `deleted_at`) VALUES (30, 'Bangka Tengah', 2, 'Kabupaten', '33613', NULL);
INSERT INTO `miracles`.`kota` (`id`, `nama`, `id_provinsi`, `type`, `kodepos`, `deleted_at`) VALUES (31, 'Bangkalan', 11, 'Kabupaten', '69118', NULL);
INSERT INTO `miracles`.`kota` (`id`, `nama`, `id_provinsi`, `type`, `kodepos`, `deleted_at`) VALUES (32, 'Bangli', 1, 'Kabupaten', '80619', NULL);
INSERT INTO `miracles`.`kota` (`id`, `nama`, `id_provinsi`, `type`, `kodepos`, `deleted_at`) VALUES (33, 'Banjar', 13, 'Kabupaten', '70619', NULL);
INSERT INTO `miracles`.`kota` (`id`, `nama`, `id_provinsi`, `type`, `kodepos`, `deleted_at`) VALUES (34, 'Banjar', 9, 'Kota', '46311', NULL);
INSERT INTO `miracles`.`kota` (`id`, `nama`, `id_provinsi`, `type`, `kodepos`, `deleted_at`) VALUES (35, 'Banjarbaru', 13, 'Kota', '70712', NULL);
INSERT INTO `miracles`.`kota` (`id`, `nama`, `id_provinsi`, `type`, `kodepos`, `deleted_at`) VALUES (36, 'Banjarmasin', 13, 'Kota', '70117', NULL);
INSERT INTO `miracles`.`kota` (`id`, `nama`, `id_provinsi`, `type`, `kodepos`, `deleted_at`) VALUES (37, 'Banjarnegara', 10, 'Kabupaten', '53419', NULL);
INSERT INTO `miracles`.`kota` (`id`, `nama`, `id_provinsi`, `type`, `kodepos`, `deleted_at`) VALUES (38, 'Bantaeng', 28, 'Kabupaten', '92411', NULL);
INSERT INTO `miracles`.`kota` (`id`, `nama`, `id_provinsi`, `type`, `kodepos`, `deleted_at`) VALUES (39, 'Bantul', 5, 'Kabupaten', '55715', NULL);
INSERT INTO `miracles`.`kota` (`id`, `nama`, `id_provinsi`, `type`, `kodepos`, `deleted_at`) VALUES (40, 'Banyuasin', 33, 'Kabupaten', '30911', NULL);
INSERT INTO `miracles`.`kota` (`id`, `nama`, `id_provinsi`, `type`, `kodepos`, `deleted_at`) VALUES (41, 'Banyumas', 10, 'Kabupaten', '53114', NULL);
INSERT INTO `miracles`.`kota` (`id`, `nama`, `id_provinsi`, `type`, `kodepos`, `deleted_at`) VALUES (42, 'Banyuwangi', 11, 'Kabupaten', '68416', NULL);
INSERT INTO `miracles`.`kota` (`id`, `nama`, `id_provinsi`, `type`, `kodepos`, `deleted_at`) VALUES (43, 'Barito Kuala', 13, 'Kabupaten', '70511', NULL);
INSERT INTO `miracles`.`kota` (`id`, `nama`, `id_provinsi`, `type`, `kodepos`, `deleted_at`) VALUES (44, 'Barito Selatan', 14, 'Kabupaten', '73711', NULL);
INSERT INTO `miracles`.`kota` (`id`, `nama`, `id_provinsi`, `type`, `kodepos`, `deleted_at`) VALUES (45, 'Barito Timur', 14, 'Kabupaten', '73671', NULL);
INSERT INTO `miracles`.`kota` (`id`, `nama`, `id_provinsi`, `type`, `kodepos`, `deleted_at`) VALUES (46, 'Barito Utara', 14, 'Kabupaten', '73881', NULL);
INSERT INTO `miracles`.`kota` (`id`, `nama`, `id_provinsi`, `type`, `kodepos`, `deleted_at`) VALUES (47, 'Barru', 28, 'Kabupaten', '90719', NULL);
INSERT INTO `miracles`.`kota` (`id`, `nama`, `id_provinsi`, `type`, `kodepos`, `deleted_at`) VALUES (48, 'Batam', 17, 'Kota', '29413', NULL);
INSERT INTO `miracles`.`kota` (`id`, `nama`, `id_provinsi`, `type`, `kodepos`, `deleted_at`) VALUES (49, 'Batang', 10, 'Kabupaten', '51211', NULL);
INSERT INTO `miracles`.`kota` (`id`, `nama`, `id_provinsi`, `type`, `kodepos`, `deleted_at`) VALUES (50, 'Batang Hari', 8, 'Kabupaten', '36613', NULL);
INSERT INTO `miracles`.`kota` (`id`, `nama`, `id_provinsi`, `type`, `kodepos`, `deleted_at`) VALUES (51, 'Batu', 11, 'Kota', '65311', NULL);
INSERT INTO `miracles`.`kota` (`id`, `nama`, `id_provinsi`, `type`, `kodepos`, `deleted_at`) VALUES (52, 'Batu Bara', 34, 'Kabupaten', '21655', NULL);
INSERT INTO `miracles`.`kota` (`id`, `nama`, `id_provinsi`, `type`, `kodepos`, `deleted_at`) VALUES (53, 'Bau-Bau', 30, 'Kota', '93719', NULL);
INSERT INTO `miracles`.`kota` (`id`, `nama`, `id_provinsi`, `type`, `kodepos`, `deleted_at`) VALUES (54, 'Bekasi', 9, 'Kabupaten', '17837', NULL);
INSERT INTO `miracles`.`kota` (`id`, `nama`, `id_provinsi`, `type`, `kodepos`, `deleted_at`) VALUES (55, 'Bekasi', 9, 'Kota', '17121', NULL);
INSERT INTO `miracles`.`kota` (`id`, `nama`, `id_provinsi`, `type`, `kodepos`, `deleted_at`) VALUES (56, 'Belitung', 2, 'Kabupaten', '33419', NULL);
INSERT INTO `miracles`.`kota` (`id`, `nama`, `id_provinsi`, `type`, `kodepos`, `deleted_at`) VALUES (57, 'Belitung Timur', 2, 'Kabupaten', '33519', NULL);
INSERT INTO `miracles`.`kota` (`id`, `nama`, `id_provinsi`, `type`, `kodepos`, `deleted_at`) VALUES (58, 'Belu', 23, 'Kabupaten', '85711', NULL);
INSERT INTO `miracles`.`kota` (`id`, `nama`, `id_provinsi`, `type`, `kodepos`, `deleted_at`) VALUES (59, 'Bener Meriah', 21, 'Kabupaten', '24581', NULL);
INSERT INTO `miracles`.`kota` (`id`, `nama`, `id_provinsi`, `type`, `kodepos`, `deleted_at`) VALUES (60, 'Bengkalis', 26, 'Kabupaten', '28719', NULL);
INSERT INTO `miracles`.`kota` (`id`, `nama`, `id_provinsi`, `type`, `kodepos`, `deleted_at`) VALUES (61, 'Bengkayang', 12, 'Kabupaten', '79213', NULL);
INSERT INTO `miracles`.`kota` (`id`, `nama`, `id_provinsi`, `type`, `kodepos`, `deleted_at`) VALUES (62, 'Bengkulu', 4, 'Kota', '38229', NULL);
INSERT INTO `miracles`.`kota` (`id`, `nama`, `id_provinsi`, `type`, `kodepos`, `deleted_at`) VALUES (63, 'Bengkulu Selatan', 4, 'Kabupaten', '38519', NULL);
INSERT INTO `miracles`.`kota` (`id`, `nama`, `id_provinsi`, `type`, `kodepos`, `deleted_at`) VALUES (64, 'Bengkulu Tengah', 4, 'Kabupaten', '38319', NULL);
INSERT INTO `miracles`.`kota` (`id`, `nama`, `id_provinsi`, `type`, `kodepos`, `deleted_at`) VALUES (65, 'Bengkulu Utara', 4, 'Kabupaten', '38619', NULL);
INSERT INTO `miracles`.`kota` (`id`, `nama`, `id_provinsi`, `type`, `kodepos`, `deleted_at`) VALUES (66, 'Berau', 15, 'Kabupaten', '77311', NULL);
INSERT INTO `miracles`.`kota` (`id`, `nama`, `id_provinsi`, `type`, `kodepos`, `deleted_at`) VALUES (67, 'Biak Numfor', 24, 'Kabupaten', '98119', NULL);
INSERT INTO `miracles`.`kota` (`id`, `nama`, `id_provinsi`, `type`, `kodepos`, `deleted_at`) VALUES (68, 'Bima', 22, 'Kabupaten', '84171', NULL);
INSERT INTO `miracles`.`kota` (`id`, `nama`, `id_provinsi`, `type`, `kodepos`, `deleted_at`) VALUES (69, 'Bima', 22, 'Kota', '84139', NULL);
INSERT INTO `miracles`.`kota` (`id`, `nama`, `id_provinsi`, `type`, `kodepos`, `deleted_at`) VALUES (70, 'Binjai', 34, 'Kota', '20712', NULL);
INSERT INTO `miracles`.`kota` (`id`, `nama`, `id_provinsi`, `type`, `kodepos`, `deleted_at`) VALUES (71, 'Bintan', 17, 'Kabupaten', '29135', NULL);
INSERT INTO `miracles`.`kota` (`id`, `nama`, `id_provinsi`, `type`, `kodepos`, `deleted_at`) VALUES (72, 'Bireuen', 21, 'Kabupaten', '24219', NULL);
INSERT INTO `miracles`.`kota` (`id`, `nama`, `id_provinsi`, `type`, `kodepos`, `deleted_at`) VALUES (73, 'Bitung', 31, 'Kota', '95512', NULL);
INSERT INTO `miracles`.`kota` (`id`, `nama`, `id_provinsi`, `type`, `kodepos`, `deleted_at`) VALUES (74, 'Blitar', 11, 'Kabupaten', '66171', NULL);
INSERT INTO `miracles`.`kota` (`id`, `nama`, `id_provinsi`, `type`, `kodepos`, `deleted_at`) VALUES (75, 'Blitar', 11, 'Kota', '66124', NULL);
INSERT INTO `miracles`.`kota` (`id`, `nama`, `id_provinsi`, `type`, `kodepos`, `deleted_at`) VALUES (76, 'Blora', 10, 'Kabupaten', '58219', NULL);
INSERT INTO `miracles`.`kota` (`id`, `nama`, `id_provinsi`, `type`, `kodepos`, `deleted_at`) VALUES (77, 'Boalemo', 7, 'Kabupaten', '96319', NULL);
INSERT INTO `miracles`.`kota` (`id`, `nama`, `id_provinsi`, `type`, `kodepos`, `deleted_at`) VALUES (78, 'Bogor', 9, 'Kabupaten', '16911', NULL);
INSERT INTO `miracles`.`kota` (`id`, `nama`, `id_provinsi`, `type`, `kodepos`, `deleted_at`) VALUES (79, 'Bogor', 9, 'Kota', '16119', NULL);
INSERT INTO `miracles`.`kota` (`id`, `nama`, `id_provinsi`, `type`, `kodepos`, `deleted_at`) VALUES (80, 'Bojonegoro', 11, 'Kabupaten', '62119', NULL);
INSERT INTO `miracles`.`kota` (`id`, `nama`, `id_provinsi`, `type`, `kodepos`, `deleted_at`) VALUES (81, 'Bolaang Mongondow (Bolmong)', 31, 'Kabupaten', '95755', NULL);
INSERT INTO `miracles`.`kota` (`id`, `nama`, `id_provinsi`, `type`, `kodepos`, `deleted_at`) VALUES (82, 'Bolaang Mongondow Selatan', 31, 'Kabupaten', '95774', NULL);
INSERT INTO `miracles`.`kota` (`id`, `nama`, `id_provinsi`, `type`, `kodepos`, `deleted_at`) VALUES (83, 'Bolaang Mongondow Timur', 31, 'Kabupaten', '95783', NULL);
INSERT INTO `miracles`.`kota` (`id`, `nama`, `id_provinsi`, `type`, `kodepos`, `deleted_at`) VALUES (84, 'Bolaang Mongondow Utara', 31, 'Kabupaten', '95765', NULL);
INSERT INTO `miracles`.`kota` (`id`, `nama`, `id_provinsi`, `type`, `kodepos`, `deleted_at`) VALUES (85, 'Bombana', 30, 'Kabupaten', '93771', NULL);
INSERT INTO `miracles`.`kota` (`id`, `nama`, `id_provinsi`, `type`, `kodepos`, `deleted_at`) VALUES (86, 'Bondowoso', 11, 'Kabupaten', '68219', NULL);
INSERT INTO `miracles`.`kota` (`id`, `nama`, `id_provinsi`, `type`, `kodepos`, `deleted_at`) VALUES (87, 'Bone', 28, 'Kabupaten', '92713', NULL);
INSERT INTO `miracles`.`kota` (`id`, `nama`, `id_provinsi`, `type`, `kodepos`, `deleted_at`) VALUES (88, 'Bone Bolango', 7, 'Kabupaten', '96511', NULL);
INSERT INTO `miracles`.`kota` (`id`, `nama`, `id_provinsi`, `type`, `kodepos`, `deleted_at`) VALUES (89, 'Bontang', 15, 'Kota', '75313', NULL);
INSERT INTO `miracles`.`kota` (`id`, `nama`, `id_provinsi`, `type`, `kodepos`, `deleted_at`) VALUES (90, 'Boven Digoel', 24, 'Kabupaten', '99662', NULL);
INSERT INTO `miracles`.`kota` (`id`, `nama`, `id_provinsi`, `type`, `kodepos`, `deleted_at`) VALUES (91, 'Boyolali', 10, 'Kabupaten', '57312', NULL);
INSERT INTO `miracles`.`kota` (`id`, `nama`, `id_provinsi`, `type`, `kodepos`, `deleted_at`) VALUES (92, 'Brebes', 10, 'Kabupaten', '52212', NULL);
INSERT INTO `miracles`.`kota` (`id`, `nama`, `id_provinsi`, `type`, `kodepos`, `deleted_at`) VALUES (93, 'Bukittinggi', 32, 'Kota', '26115', NULL);
INSERT INTO `miracles`.`kota` (`id`, `nama`, `id_provinsi`, `type`, `kodepos`, `deleted_at`) VALUES (94, 'Buleleng', 1, 'Kabupaten', '81111', NULL);
INSERT INTO `miracles`.`kota` (`id`, `nama`, `id_provinsi`, `type`, `kodepos`, `deleted_at`) VALUES (95, 'Bulukumba', 28, 'Kabupaten', '92511', NULL);
INSERT INTO `miracles`.`kota` (`id`, `nama`, `id_provinsi`, `type`, `kodepos`, `deleted_at`) VALUES (96, 'Bulungan (Bulongan)', 16, 'Kabupaten', '77211', NULL);
INSERT INTO `miracles`.`kota` (`id`, `nama`, `id_provinsi`, `type`, `kodepos`, `deleted_at`) VALUES (97, 'Bungo', 8, 'Kabupaten', '37216', NULL);
INSERT INTO `miracles`.`kota` (`id`, `nama`, `id_provinsi`, `type`, `kodepos`, `deleted_at`) VALUES (98, 'Buol', 29, 'Kabupaten', '94564', NULL);
INSERT INTO `miracles`.`kota` (`id`, `nama`, `id_provinsi`, `type`, `kodepos`, `deleted_at`) VALUES (99, 'Buru', 19, 'Kabupaten', '97371', NULL);
INSERT INTO `miracles`.`kota` (`id`, `nama`, `id_provinsi`, `type`, `kodepos`, `deleted_at`) VALUES (100, 'Buru Selatan', 19, 'Kabupaten', '97351', NULL);
INSERT INTO `miracles`.`kota` (`id`, `nama`, `id_provinsi`, `type`, `kodepos`, `deleted_at`) VALUES (101, 'Buton', 30, 'Kabupaten', '93754', NULL);
INSERT INTO `miracles`.`kota` (`id`, `nama`, `id_provinsi`, `type`, `kodepos`, `deleted_at`) VALUES (102, 'Buton Utara', 30, 'Kabupaten', '93745', NULL);
INSERT INTO `miracles`.`kota` (`id`, `nama`, `id_provinsi`, `type`, `kodepos`, `deleted_at`) VALUES (103, 'Ciamis', 9, 'Kabupaten', '46211', NULL);
INSERT INTO `miracles`.`kota` (`id`, `nama`, `id_provinsi`, `type`, `kodepos`, `deleted_at`) VALUES (104, 'Cianjur', 9, 'Kabupaten', '43217', NULL);
INSERT INTO `miracles`.`kota` (`id`, `nama`, `id_provinsi`, `type`, `kodepos`, `deleted_at`) VALUES (105, 'Cilacap', 10, 'Kabupaten', '53211', NULL);
INSERT INTO `miracles`.`kota` (`id`, `nama`, `id_provinsi`, `type`, `kodepos`, `deleted_at`) VALUES (106, 'Cilegon', 3, 'Kota', '42417', NULL);
INSERT INTO `miracles`.`kota` (`id`, `nama`, `id_provinsi`, `type`, `kodepos`, `deleted_at`) VALUES (107, 'Cimahi', 9, 'Kota', '40512', NULL);
INSERT INTO `miracles`.`kota` (`id`, `nama`, `id_provinsi`, `type`, `kodepos`, `deleted_at`) VALUES (108, 'Cirebon', 9, 'Kabupaten', '45611', NULL);
INSERT INTO `miracles`.`kota` (`id`, `nama`, `id_provinsi`, `type`, `kodepos`, `deleted_at`) VALUES (109, 'Cirebon', 9, 'Kota', '45116', NULL);
INSERT INTO `miracles`.`kota` (`id`, `nama`, `id_provinsi`, `type`, `kodepos`, `deleted_at`) VALUES (110, 'Dairi', 34, 'Kabupaten', '22211', NULL);
INSERT INTO `miracles`.`kota` (`id`, `nama`, `id_provinsi`, `type`, `kodepos`, `deleted_at`) VALUES (111, 'Deiyai (Deliyai)', 24, 'Kabupaten', '98784', NULL);
INSERT INTO `miracles`.`kota` (`id`, `nama`, `id_provinsi`, `type`, `kodepos`, `deleted_at`) VALUES (112, 'Deli Serdang', 34, 'Kabupaten', '20511', NULL);
INSERT INTO `miracles`.`kota` (`id`, `nama`, `id_provinsi`, `type`, `kodepos`, `deleted_at`) VALUES (113, 'Demak', 10, 'Kabupaten', '59519', NULL);
INSERT INTO `miracles`.`kota` (`id`, `nama`, `id_provinsi`, `type`, `kodepos`, `deleted_at`) VALUES (114, 'Denpasar', 1, 'Kota', '80227', NULL);
INSERT INTO `miracles`.`kota` (`id`, `nama`, `id_provinsi`, `type`, `kodepos`, `deleted_at`) VALUES (115, 'Depok', 9, 'Kota', '16416', NULL);
INSERT INTO `miracles`.`kota` (`id`, `nama`, `id_provinsi`, `type`, `kodepos`, `deleted_at`) VALUES (116, 'Dharmasraya', 32, 'Kabupaten', '27612', NULL);
INSERT INTO `miracles`.`kota` (`id`, `nama`, `id_provinsi`, `type`, `kodepos`, `deleted_at`) VALUES (117, 'Dogiyai', 24, 'Kabupaten', '98866', NULL);
INSERT INTO `miracles`.`kota` (`id`, `nama`, `id_provinsi`, `type`, `kodepos`, `deleted_at`) VALUES (118, 'Dompu', 22, 'Kabupaten', '84217', NULL);
INSERT INTO `miracles`.`kota` (`id`, `nama`, `id_provinsi`, `type`, `kodepos`, `deleted_at`) VALUES (119, 'Donggala', 29, 'Kabupaten', '94341', NULL);
INSERT INTO `miracles`.`kota` (`id`, `nama`, `id_provinsi`, `type`, `kodepos`, `deleted_at`) VALUES (120, 'Dumai', 26, 'Kota', '28811', NULL);
INSERT INTO `miracles`.`kota` (`id`, `nama`, `id_provinsi`, `type`, `kodepos`, `deleted_at`) VALUES (121, 'Empat Lawang', 33, 'Kabupaten', '31811', NULL);
INSERT INTO `miracles`.`kota` (`id`, `nama`, `id_provinsi`, `type`, `kodepos`, `deleted_at`) VALUES (122, 'Ende', 23, 'Kabupaten', '86351', NULL);
INSERT INTO `miracles`.`kota` (`id`, `nama`, `id_provinsi`, `type`, `kodepos`, `deleted_at`) VALUES (123, 'Enrekang', 28, 'Kabupaten', '91719', NULL);
INSERT INTO `miracles`.`kota` (`id`, `nama`, `id_provinsi`, `type`, `kodepos`, `deleted_at`) VALUES (124, 'Fakfak', 25, 'Kabupaten', '98651', NULL);
INSERT INTO `miracles`.`kota` (`id`, `nama`, `id_provinsi`, `type`, `kodepos`, `deleted_at`) VALUES (125, 'Flores Timur', 23, 'Kabupaten', '86213', NULL);
INSERT INTO `miracles`.`kota` (`id`, `nama`, `id_provinsi`, `type`, `kodepos`, `deleted_at`) VALUES (126, 'Garut', 9, 'Kabupaten', '44126', NULL);
INSERT INTO `miracles`.`kota` (`id`, `nama`, `id_provinsi`, `type`, `kodepos`, `deleted_at`) VALUES (127, 'Gayo Lues', 21, 'Kabupaten', '24653', NULL);
INSERT INTO `miracles`.`kota` (`id`, `nama`, `id_provinsi`, `type`, `kodepos`, `deleted_at`) VALUES (128, 'Gianyar', 1, 'Kabupaten', '80519', NULL);
INSERT INTO `miracles`.`kota` (`id`, `nama`, `id_provinsi`, `type`, `kodepos`, `deleted_at`) VALUES (129, 'Gorontalo', 7, 'Kabupaten', '96218', NULL);
INSERT INTO `miracles`.`kota` (`id`, `nama`, `id_provinsi`, `type`, `kodepos`, `deleted_at`) VALUES (130, 'Gorontalo', 7, 'Kota', '96115', NULL);
INSERT INTO `miracles`.`kota` (`id`, `nama`, `id_provinsi`, `type`, `kodepos`, `deleted_at`) VALUES (131, 'Gorontalo Utara', 7, 'Kabupaten', '96611', NULL);
INSERT INTO `miracles`.`kota` (`id`, `nama`, `id_provinsi`, `type`, `kodepos`, `deleted_at`) VALUES (132, 'Gowa', 28, 'Kabupaten', '92111', NULL);
INSERT INTO `miracles`.`kota` (`id`, `nama`, `id_provinsi`, `type`, `kodepos`, `deleted_at`) VALUES (133, 'Gresik', 11, 'Kabupaten', '61115', NULL);
INSERT INTO `miracles`.`kota` (`id`, `nama`, `id_provinsi`, `type`, `kodepos`, `deleted_at`) VALUES (134, 'Grobogan', 10, 'Kabupaten', '58111', NULL);
INSERT INTO `miracles`.`kota` (`id`, `nama`, `id_provinsi`, `type`, `kodepos`, `deleted_at`) VALUES (135, 'Gunung Kidul', 5, 'Kabupaten', '55812', NULL);
INSERT INTO `miracles`.`kota` (`id`, `nama`, `id_provinsi`, `type`, `kodepos`, `deleted_at`) VALUES (136, 'Gunung Mas', 14, 'Kabupaten', '74511', NULL);
INSERT INTO `miracles`.`kota` (`id`, `nama`, `id_provinsi`, `type`, `kodepos`, `deleted_at`) VALUES (137, 'Gunungsitoli', 34, 'Kota', '22813', NULL);
INSERT INTO `miracles`.`kota` (`id`, `nama`, `id_provinsi`, `type`, `kodepos`, `deleted_at`) VALUES (138, 'Halmahera Barat', 20, 'Kabupaten', '97757', NULL);
INSERT INTO `miracles`.`kota` (`id`, `nama`, `id_provinsi`, `type`, `kodepos`, `deleted_at`) VALUES (139, 'Halmahera Selatan', 20, 'Kabupaten', '97911', NULL);
INSERT INTO `miracles`.`kota` (`id`, `nama`, `id_provinsi`, `type`, `kodepos`, `deleted_at`) VALUES (140, 'Halmahera Tengah', 20, 'Kabupaten', '97853', NULL);
INSERT INTO `miracles`.`kota` (`id`, `nama`, `id_provinsi`, `type`, `kodepos`, `deleted_at`) VALUES (141, 'Halmahera Timur', 20, 'Kabupaten', '97862', NULL);
INSERT INTO `miracles`.`kota` (`id`, `nama`, `id_provinsi`, `type`, `kodepos`, `deleted_at`) VALUES (142, 'Halmahera Utara', 20, 'Kabupaten', '97762', NULL);
INSERT INTO `miracles`.`kota` (`id`, `nama`, `id_provinsi`, `type`, `kodepos`, `deleted_at`) VALUES (143, 'Hulu Sungai Selatan', 13, 'Kabupaten', '71212', NULL);
INSERT INTO `miracles`.`kota` (`id`, `nama`, `id_provinsi`, `type`, `kodepos`, `deleted_at`) VALUES (144, 'Hulu Sungai Tengah', 13, 'Kabupaten', '71313', NULL);
INSERT INTO `miracles`.`kota` (`id`, `nama`, `id_provinsi`, `type`, `kodepos`, `deleted_at`) VALUES (145, 'Hulu Sungai Utara', 13, 'Kabupaten', '71419', NULL);
INSERT INTO `miracles`.`kota` (`id`, `nama`, `id_provinsi`, `type`, `kodepos`, `deleted_at`) VALUES (146, 'Humbang Hasundutan', 34, 'Kabupaten', '22457', NULL);
INSERT INTO `miracles`.`kota` (`id`, `nama`, `id_provinsi`, `type`, `kodepos`, `deleted_at`) VALUES (147, 'Indragiri Hilir', 26, 'Kabupaten', '29212', NULL);
INSERT INTO `miracles`.`kota` (`id`, `nama`, `id_provinsi`, `type`, `kodepos`, `deleted_at`) VALUES (148, 'Indragiri Hulu', 26, 'Kabupaten', '29319', NULL);
INSERT INTO `miracles`.`kota` (`id`, `nama`, `id_provinsi`, `type`, `kodepos`, `deleted_at`) VALUES (149, 'Indramayu', 9, 'Kabupaten', '45214', NULL);
INSERT INTO `miracles`.`kota` (`id`, `nama`, `id_provinsi`, `type`, `kodepos`, `deleted_at`) VALUES (150, 'Intan Jaya', 24, 'Kabupaten', '98771', NULL);
INSERT INTO `miracles`.`kota` (`id`, `nama`, `id_provinsi`, `type`, `kodepos`, `deleted_at`) VALUES (151, 'Jakarta Barat', 6, 'Kota', '11220', NULL);
INSERT INTO `miracles`.`kota` (`id`, `nama`, `id_provinsi`, `type`, `kodepos`, `deleted_at`) VALUES (152, 'Jakarta Pusat', 6, 'Kota', '10540', NULL);
INSERT INTO `miracles`.`kota` (`id`, `nama`, `id_provinsi`, `type`, `kodepos`, `deleted_at`) VALUES (153, 'Jakarta Selatan', 6, 'Kota', '12230', NULL);
INSERT INTO `miracles`.`kota` (`id`, `nama`, `id_provinsi`, `type`, `kodepos`, `deleted_at`) VALUES (154, 'Jakarta Timur', 6, 'Kota', '13330', NULL);
INSERT INTO `miracles`.`kota` (`id`, `nama`, `id_provinsi`, `type`, `kodepos`, `deleted_at`) VALUES (155, 'Jakarta Utara', 6, 'Kota', '14140', NULL);
INSERT INTO `miracles`.`kota` (`id`, `nama`, `id_provinsi`, `type`, `kodepos`, `deleted_at`) VALUES (156, 'Jambi', 8, 'Kota', '36111', NULL);
INSERT INTO `miracles`.`kota` (`id`, `nama`, `id_provinsi`, `type`, `kodepos`, `deleted_at`) VALUES (157, 'Jayapura', 24, 'Kabupaten', '99352', NULL);
INSERT INTO `miracles`.`kota` (`id`, `nama`, `id_provinsi`, `type`, `kodepos`, `deleted_at`) VALUES (158, 'Jayapura', 24, 'Kota', '99114', NULL);
INSERT INTO `miracles`.`kota` (`id`, `nama`, `id_provinsi`, `type`, `kodepos`, `deleted_at`) VALUES (159, 'Jayawijaya', 24, 'Kabupaten', '99511', NULL);
INSERT INTO `miracles`.`kota` (`id`, `nama`, `id_provinsi`, `type`, `kodepos`, `deleted_at`) VALUES (160, 'Jember', 11, 'Kabupaten', '68113', NULL);
INSERT INTO `miracles`.`kota` (`id`, `nama`, `id_provinsi`, `type`, `kodepos`, `deleted_at`) VALUES (161, 'Jembrana', 1, 'Kabupaten', '82251', NULL);
INSERT INTO `miracles`.`kota` (`id`, `nama`, `id_provinsi`, `type`, `kodepos`, `deleted_at`) VALUES (162, 'Jeneponto', 28, 'Kabupaten', '92319', NULL);
INSERT INTO `miracles`.`kota` (`id`, `nama`, `id_provinsi`, `type`, `kodepos`, `deleted_at`) VALUES (163, 'Jepara', 10, 'Kabupaten', '59419', NULL);
INSERT INTO `miracles`.`kota` (`id`, `nama`, `id_provinsi`, `type`, `kodepos`, `deleted_at`) VALUES (164, 'Jombang', 11, 'Kabupaten', '61415', NULL);
INSERT INTO `miracles`.`kota` (`id`, `nama`, `id_provinsi`, `type`, `kodepos`, `deleted_at`) VALUES (165, 'Kaimana', 25, 'Kabupaten', '98671', NULL);
INSERT INTO `miracles`.`kota` (`id`, `nama`, `id_provinsi`, `type`, `kodepos`, `deleted_at`) VALUES (166, 'Kampar', 26, 'Kabupaten', '28411', NULL);
INSERT INTO `miracles`.`kota` (`id`, `nama`, `id_provinsi`, `type`, `kodepos`, `deleted_at`) VALUES (167, 'Kapuas', 14, 'Kabupaten', '73583', NULL);
INSERT INTO `miracles`.`kota` (`id`, `nama`, `id_provinsi`, `type`, `kodepos`, `deleted_at`) VALUES (168, 'Kapuas Hulu', 12, 'Kabupaten', '78719', NULL);
INSERT INTO `miracles`.`kota` (`id`, `nama`, `id_provinsi`, `type`, `kodepos`, `deleted_at`) VALUES (169, 'Karanganyar', 10, 'Kabupaten', '57718', NULL);
INSERT INTO `miracles`.`kota` (`id`, `nama`, `id_provinsi`, `type`, `kodepos`, `deleted_at`) VALUES (170, 'Karangasem', 1, 'Kabupaten', '80819', NULL);
INSERT INTO `miracles`.`kota` (`id`, `nama`, `id_provinsi`, `type`, `kodepos`, `deleted_at`) VALUES (171, 'Karawang', 9, 'Kabupaten', '41311', NULL);
INSERT INTO `miracles`.`kota` (`id`, `nama`, `id_provinsi`, `type`, `kodepos`, `deleted_at`) VALUES (172, 'Karimun', 17, 'Kabupaten', '29611', NULL);
INSERT INTO `miracles`.`kota` (`id`, `nama`, `id_provinsi`, `type`, `kodepos`, `deleted_at`) VALUES (173, 'Karo', 34, 'Kabupaten', '22119', NULL);
INSERT INTO `miracles`.`kota` (`id`, `nama`, `id_provinsi`, `type`, `kodepos`, `deleted_at`) VALUES (174, 'Katingan', 14, 'Kabupaten', '74411', NULL);
INSERT INTO `miracles`.`kota` (`id`, `nama`, `id_provinsi`, `type`, `kodepos`, `deleted_at`) VALUES (175, 'Kaur', 4, 'Kabupaten', '38911', NULL);
INSERT INTO `miracles`.`kota` (`id`, `nama`, `id_provinsi`, `type`, `kodepos`, `deleted_at`) VALUES (176, 'Kayong Utara', 12, 'Kabupaten', '78852', NULL);
INSERT INTO `miracles`.`kota` (`id`, `nama`, `id_provinsi`, `type`, `kodepos`, `deleted_at`) VALUES (177, 'Kebumen', 10, 'Kabupaten', '54319', NULL);
INSERT INTO `miracles`.`kota` (`id`, `nama`, `id_provinsi`, `type`, `kodepos`, `deleted_at`) VALUES (178, 'Kediri', 11, 'Kabupaten', '64184', NULL);
INSERT INTO `miracles`.`kota` (`id`, `nama`, `id_provinsi`, `type`, `kodepos`, `deleted_at`) VALUES (179, 'Kediri', 11, 'Kota', '64125', NULL);
INSERT INTO `miracles`.`kota` (`id`, `nama`, `id_provinsi`, `type`, `kodepos`, `deleted_at`) VALUES (180, 'Keerom', 24, 'Kabupaten', '99461', NULL);
INSERT INTO `miracles`.`kota` (`id`, `nama`, `id_provinsi`, `type`, `kodepos`, `deleted_at`) VALUES (181, 'Kendal', 10, 'Kabupaten', '51314', NULL);
INSERT INTO `miracles`.`kota` (`id`, `nama`, `id_provinsi`, `type`, `kodepos`, `deleted_at`) VALUES (182, 'Kendari', 30, 'Kota', '93126', NULL);
INSERT INTO `miracles`.`kota` (`id`, `nama`, `id_provinsi`, `type`, `kodepos`, `deleted_at`) VALUES (183, 'Kepahiang', 4, 'Kabupaten', '39319', NULL);
INSERT INTO `miracles`.`kota` (`id`, `nama`, `id_provinsi`, `type`, `kodepos`, `deleted_at`) VALUES (184, 'Kepulauan Anambas', 17, 'Kabupaten', '29991', NULL);
INSERT INTO `miracles`.`kota` (`id`, `nama`, `id_provinsi`, `type`, `kodepos`, `deleted_at`) VALUES (185, 'Kepulauan Aru', 19, 'Kabupaten', '97681', NULL);
INSERT INTO `miracles`.`kota` (`id`, `nama`, `id_provinsi`, `type`, `kodepos`, `deleted_at`) VALUES (186, 'Kepulauan Mentawai', 32, 'Kabupaten', '25771', NULL);
INSERT INTO `miracles`.`kota` (`id`, `nama`, `id_provinsi`, `type`, `kodepos`, `deleted_at`) VALUES (187, 'Kepulauan Meranti', 26, 'Kabupaten', '28791', NULL);
INSERT INTO `miracles`.`kota` (`id`, `nama`, `id_provinsi`, `type`, `kodepos`, `deleted_at`) VALUES (188, 'Kepulauan Sangihe', 31, 'Kabupaten', '95819', NULL);
INSERT INTO `miracles`.`kota` (`id`, `nama`, `id_provinsi`, `type`, `kodepos`, `deleted_at`) VALUES (189, 'Kepulauan Seribu', 6, 'Kabupaten', '14550', NULL);
INSERT INTO `miracles`.`kota` (`id`, `nama`, `id_provinsi`, `type`, `kodepos`, `deleted_at`) VALUES (190, 'Kepulauan Siau Tagulandang Biaro (Sitaro)', 31, 'Kabupaten', '95862', NULL);
INSERT INTO `miracles`.`kota` (`id`, `nama`, `id_provinsi`, `type`, `kodepos`, `deleted_at`) VALUES (191, 'Kepulauan Sula', 20, 'Kabupaten', '97995', NULL);
INSERT INTO `miracles`.`kota` (`id`, `nama`, `id_provinsi`, `type`, `kodepos`, `deleted_at`) VALUES (192, 'Kepulauan Talaud', 31, 'Kabupaten', '95885', NULL);
INSERT INTO `miracles`.`kota` (`id`, `nama`, `id_provinsi`, `type`, `kodepos`, `deleted_at`) VALUES (193, 'Kepulauan Yapen (Yapen Waropen)', 24, 'Kabupaten', '98211', NULL);
INSERT INTO `miracles`.`kota` (`id`, `nama`, `id_provinsi`, `type`, `kodepos`, `deleted_at`) VALUES (194, 'Kerinci', 8, 'Kabupaten', '37167', NULL);
INSERT INTO `miracles`.`kota` (`id`, `nama`, `id_provinsi`, `type`, `kodepos`, `deleted_at`) VALUES (195, 'Ketapang', 12, 'Kabupaten', '78874', NULL);
INSERT INTO `miracles`.`kota` (`id`, `nama`, `id_provinsi`, `type`, `kodepos`, `deleted_at`) VALUES (196, 'Klaten', 10, 'Kabupaten', '57411', NULL);
INSERT INTO `miracles`.`kota` (`id`, `nama`, `id_provinsi`, `type`, `kodepos`, `deleted_at`) VALUES (197, 'Klungkung', 1, 'Kabupaten', '80719', NULL);
INSERT INTO `miracles`.`kota` (`id`, `nama`, `id_provinsi`, `type`, `kodepos`, `deleted_at`) VALUES (198, 'Kolaka', 30, 'Kabupaten', '93511', NULL);
INSERT INTO `miracles`.`kota` (`id`, `nama`, `id_provinsi`, `type`, `kodepos`, `deleted_at`) VALUES (199, 'Kolaka Utara', 30, 'Kabupaten', '93911', NULL);
INSERT INTO `miracles`.`kota` (`id`, `nama`, `id_provinsi`, `type`, `kodepos`, `deleted_at`) VALUES (200, 'Konawe', 30, 'Kabupaten', '93411', NULL);
INSERT INTO `miracles`.`kota` (`id`, `nama`, `id_provinsi`, `type`, `kodepos`, `deleted_at`) VALUES (201, 'Konawe Selatan', 30, 'Kabupaten', '93811', NULL);
INSERT INTO `miracles`.`kota` (`id`, `nama`, `id_provinsi`, `type`, `kodepos`, `deleted_at`) VALUES (202, 'Konawe Utara', 30, 'Kabupaten', '93311', NULL);
INSERT INTO `miracles`.`kota` (`id`, `nama`, `id_provinsi`, `type`, `kodepos`, `deleted_at`) VALUES (203, 'Kotabaru', 13, 'Kabupaten', '72119', NULL);
INSERT INTO `miracles`.`kota` (`id`, `nama`, `id_provinsi`, `type`, `kodepos`, `deleted_at`) VALUES (204, 'Kotamobagu', 31, 'Kota', '95711', NULL);
INSERT INTO `miracles`.`kota` (`id`, `nama`, `id_provinsi`, `type`, `kodepos`, `deleted_at`) VALUES (205, 'Kotawaringin Barat', 14, 'Kabupaten', '74119', NULL);
INSERT INTO `miracles`.`kota` (`id`, `nama`, `id_provinsi`, `type`, `kodepos`, `deleted_at`) VALUES (206, 'Kotawaringin Timur', 14, 'Kabupaten', '74364', NULL);
INSERT INTO `miracles`.`kota` (`id`, `nama`, `id_provinsi`, `type`, `kodepos`, `deleted_at`) VALUES (207, 'Kuantan Singingi', 26, 'Kabupaten', '29519', NULL);
INSERT INTO `miracles`.`kota` (`id`, `nama`, `id_provinsi`, `type`, `kodepos`, `deleted_at`) VALUES (208, 'Kubu Raya', 12, 'Kabupaten', '78311', NULL);
INSERT INTO `miracles`.`kota` (`id`, `nama`, `id_provinsi`, `type`, `kodepos`, `deleted_at`) VALUES (209, 'Kudus', 10, 'Kabupaten', '59311', NULL);
INSERT INTO `miracles`.`kota` (`id`, `nama`, `id_provinsi`, `type`, `kodepos`, `deleted_at`) VALUES (210, 'Kulon Progo', 5, 'Kabupaten', '55611', NULL);
INSERT INTO `miracles`.`kota` (`id`, `nama`, `id_provinsi`, `type`, `kodepos`, `deleted_at`) VALUES (211, 'Kuningan', 9, 'Kabupaten', '45511', NULL);
INSERT INTO `miracles`.`kota` (`id`, `nama`, `id_provinsi`, `type`, `kodepos`, `deleted_at`) VALUES (212, 'Kupang', 23, 'Kabupaten', '85362', NULL);
INSERT INTO `miracles`.`kota` (`id`, `nama`, `id_provinsi`, `type`, `kodepos`, `deleted_at`) VALUES (213, 'Kupang', 23, 'Kota', '85119', NULL);
INSERT INTO `miracles`.`kota` (`id`, `nama`, `id_provinsi`, `type`, `kodepos`, `deleted_at`) VALUES (214, 'Kutai Barat', 15, 'Kabupaten', '75711', NULL);
INSERT INTO `miracles`.`kota` (`id`, `nama`, `id_provinsi`, `type`, `kodepos`, `deleted_at`) VALUES (215, 'Kutai Kartanegara', 15, 'Kabupaten', '75511', NULL);
INSERT INTO `miracles`.`kota` (`id`, `nama`, `id_provinsi`, `type`, `kodepos`, `deleted_at`) VALUES (216, 'Kutai Timur', 15, 'Kabupaten', '75611', NULL);
INSERT INTO `miracles`.`kota` (`id`, `nama`, `id_provinsi`, `type`, `kodepos`, `deleted_at`) VALUES (217, 'Labuhan Batu', 34, 'Kabupaten', '21412', NULL);
INSERT INTO `miracles`.`kota` (`id`, `nama`, `id_provinsi`, `type`, `kodepos`, `deleted_at`) VALUES (218, 'Labuhan Batu Selatan', 34, 'Kabupaten', '21511', NULL);
INSERT INTO `miracles`.`kota` (`id`, `nama`, `id_provinsi`, `type`, `kodepos`, `deleted_at`) VALUES (219, 'Labuhan Batu Utara', 34, 'Kabupaten', '21711', NULL);
INSERT INTO `miracles`.`kota` (`id`, `nama`, `id_provinsi`, `type`, `kodepos`, `deleted_at`) VALUES (220, 'Lahat', 33, 'Kabupaten', '31419', NULL);
INSERT INTO `miracles`.`kota` (`id`, `nama`, `id_provinsi`, `type`, `kodepos`, `deleted_at`) VALUES (221, 'Lamandau', 14, 'Kabupaten', '74611', NULL);
INSERT INTO `miracles`.`kota` (`id`, `nama`, `id_provinsi`, `type`, `kodepos`, `deleted_at`) VALUES (222, 'Lamongan', 11, 'Kabupaten', '64125', NULL);
INSERT INTO `miracles`.`kota` (`id`, `nama`, `id_provinsi`, `type`, `kodepos`, `deleted_at`) VALUES (223, 'Lampung Barat', 18, 'Kabupaten', '34814', NULL);
INSERT INTO `miracles`.`kota` (`id`, `nama`, `id_provinsi`, `type`, `kodepos`, `deleted_at`) VALUES (224, 'Lampung Selatan', 18, 'Kabupaten', '35511', NULL);
INSERT INTO `miracles`.`kota` (`id`, `nama`, `id_provinsi`, `type`, `kodepos`, `deleted_at`) VALUES (225, 'Lampung Tengah', 18, 'Kabupaten', '34212', NULL);
INSERT INTO `miracles`.`kota` (`id`, `nama`, `id_provinsi`, `type`, `kodepos`, `deleted_at`) VALUES (226, 'Lampung Timur', 18, 'Kabupaten', '34319', NULL);
INSERT INTO `miracles`.`kota` (`id`, `nama`, `id_provinsi`, `type`, `kodepos`, `deleted_at`) VALUES (227, 'Lampung Utara', 18, 'Kabupaten', '34516', NULL);
INSERT INTO `miracles`.`kota` (`id`, `nama`, `id_provinsi`, `type`, `kodepos`, `deleted_at`) VALUES (228, 'Landak', 12, 'Kabupaten', '78319', NULL);
INSERT INTO `miracles`.`kota` (`id`, `nama`, `id_provinsi`, `type`, `kodepos`, `deleted_at`) VALUES (229, 'Langkat', 34, 'Kabupaten', '20811', NULL);
INSERT INTO `miracles`.`kota` (`id`, `nama`, `id_provinsi`, `type`, `kodepos`, `deleted_at`) VALUES (230, 'Langsa', 21, 'Kota', '24412', NULL);
INSERT INTO `miracles`.`kota` (`id`, `nama`, `id_provinsi`, `type`, `kodepos`, `deleted_at`) VALUES (231, 'Lanny Jaya', 24, 'Kabupaten', '99531', NULL);
INSERT INTO `miracles`.`kota` (`id`, `nama`, `id_provinsi`, `type`, `kodepos`, `deleted_at`) VALUES (232, 'Lebak', 3, 'Kabupaten', '42319', NULL);
INSERT INTO `miracles`.`kota` (`id`, `nama`, `id_provinsi`, `type`, `kodepos`, `deleted_at`) VALUES (233, 'Lebong', 4, 'Kabupaten', '39264', NULL);
INSERT INTO `miracles`.`kota` (`id`, `nama`, `id_provinsi`, `type`, `kodepos`, `deleted_at`) VALUES (234, 'Lembata', 23, 'Kabupaten', '86611', NULL);
INSERT INTO `miracles`.`kota` (`id`, `nama`, `id_provinsi`, `type`, `kodepos`, `deleted_at`) VALUES (235, 'Lhokseumawe', 21, 'Kota', '24352', NULL);
INSERT INTO `miracles`.`kota` (`id`, `nama`, `id_provinsi`, `type`, `kodepos`, `deleted_at`) VALUES (236, 'Lima Puluh Koto/Kota', 32, 'Kabupaten', '26671', NULL);
INSERT INTO `miracles`.`kota` (`id`, `nama`, `id_provinsi`, `type`, `kodepos`, `deleted_at`) VALUES (237, 'Lingga', 17, 'Kabupaten', '29811', NULL);
INSERT INTO `miracles`.`kota` (`id`, `nama`, `id_provinsi`, `type`, `kodepos`, `deleted_at`) VALUES (238, 'Lombok Barat', 22, 'Kabupaten', '83311', NULL);
INSERT INTO `miracles`.`kota` (`id`, `nama`, `id_provinsi`, `type`, `kodepos`, `deleted_at`) VALUES (239, 'Lombok Tengah', 22, 'Kabupaten', '83511', NULL);
INSERT INTO `miracles`.`kota` (`id`, `nama`, `id_provinsi`, `type`, `kodepos`, `deleted_at`) VALUES (240, 'Lombok Timur', 22, 'Kabupaten', '83612', NULL);
INSERT INTO `miracles`.`kota` (`id`, `nama`, `id_provinsi`, `type`, `kodepos`, `deleted_at`) VALUES (241, 'Lombok Utara', 22, 'Kabupaten', '83711', NULL);
INSERT INTO `miracles`.`kota` (`id`, `nama`, `id_provinsi`, `type`, `kodepos`, `deleted_at`) VALUES (242, 'Lubuk Linggau', 33, 'Kota', '31614', NULL);
INSERT INTO `miracles`.`kota` (`id`, `nama`, `id_provinsi`, `type`, `kodepos`, `deleted_at`) VALUES (243, 'Lumajang', 11, 'Kabupaten', '67319', NULL);
INSERT INTO `miracles`.`kota` (`id`, `nama`, `id_provinsi`, `type`, `kodepos`, `deleted_at`) VALUES (244, 'Luwu', 28, 'Kabupaten', '91994', NULL);
INSERT INTO `miracles`.`kota` (`id`, `nama`, `id_provinsi`, `type`, `kodepos`, `deleted_at`) VALUES (245, 'Luwu Timur', 28, 'Kabupaten', '92981', NULL);
INSERT INTO `miracles`.`kota` (`id`, `nama`, `id_provinsi`, `type`, `kodepos`, `deleted_at`) VALUES (246, 'Luwu Utara', 28, 'Kabupaten', '92911', NULL);
INSERT INTO `miracles`.`kota` (`id`, `nama`, `id_provinsi`, `type`, `kodepos`, `deleted_at`) VALUES (247, 'Madiun', 11, 'Kabupaten', '63153', NULL);
INSERT INTO `miracles`.`kota` (`id`, `nama`, `id_provinsi`, `type`, `kodepos`, `deleted_at`) VALUES (248, 'Madiun', 11, 'Kota', '63122', NULL);
INSERT INTO `miracles`.`kota` (`id`, `nama`, `id_provinsi`, `type`, `kodepos`, `deleted_at`) VALUES (249, 'Magelang', 10, 'Kabupaten', '56519', NULL);
INSERT INTO `miracles`.`kota` (`id`, `nama`, `id_provinsi`, `type`, `kodepos`, `deleted_at`) VALUES (250, 'Magelang', 10, 'Kota', '56133', NULL);
INSERT INTO `miracles`.`kota` (`id`, `nama`, `id_provinsi`, `type`, `kodepos`, `deleted_at`) VALUES (251, 'Magetan', 11, 'Kabupaten', '63314', NULL);
INSERT INTO `miracles`.`kota` (`id`, `nama`, `id_provinsi`, `type`, `kodepos`, `deleted_at`) VALUES (252, 'Majalengka', 9, 'Kabupaten', '45412', NULL);
INSERT INTO `miracles`.`kota` (`id`, `nama`, `id_provinsi`, `type`, `kodepos`, `deleted_at`) VALUES (253, 'Majene', 27, 'Kabupaten', '91411', NULL);
INSERT INTO `miracles`.`kota` (`id`, `nama`, `id_provinsi`, `type`, `kodepos`, `deleted_at`) VALUES (254, 'Makassar', 28, 'Kota', '90111', NULL);
INSERT INTO `miracles`.`kota` (`id`, `nama`, `id_provinsi`, `type`, `kodepos`, `deleted_at`) VALUES (255, 'Malang', 11, 'Kabupaten', '65163', NULL);
INSERT INTO `miracles`.`kota` (`id`, `nama`, `id_provinsi`, `type`, `kodepos`, `deleted_at`) VALUES (256, 'Malang', 11, 'Kota', '65112', NULL);
INSERT INTO `miracles`.`kota` (`id`, `nama`, `id_provinsi`, `type`, `kodepos`, `deleted_at`) VALUES (257, 'Malinau', 16, 'Kabupaten', '77511', NULL);
INSERT INTO `miracles`.`kota` (`id`, `nama`, `id_provinsi`, `type`, `kodepos`, `deleted_at`) VALUES (258, 'Maluku Barat Daya', 19, 'Kabupaten', '97451', NULL);
INSERT INTO `miracles`.`kota` (`id`, `nama`, `id_provinsi`, `type`, `kodepos`, `deleted_at`) VALUES (259, 'Maluku Tengah', 19, 'Kabupaten', '97513', NULL);
INSERT INTO `miracles`.`kota` (`id`, `nama`, `id_provinsi`, `type`, `kodepos`, `deleted_at`) VALUES (260, 'Maluku Tenggara', 19, 'Kabupaten', '97651', NULL);
INSERT INTO `miracles`.`kota` (`id`, `nama`, `id_provinsi`, `type`, `kodepos`, `deleted_at`) VALUES (261, 'Maluku Tenggara Barat', 19, 'Kabupaten', '97465', NULL);
INSERT INTO `miracles`.`kota` (`id`, `nama`, `id_provinsi`, `type`, `kodepos`, `deleted_at`) VALUES (262, 'Mamasa', 27, 'Kabupaten', '91362', NULL);
INSERT INTO `miracles`.`kota` (`id`, `nama`, `id_provinsi`, `type`, `kodepos`, `deleted_at`) VALUES (263, 'Mamberamo Raya', 24, 'Kabupaten', '99381', NULL);
INSERT INTO `miracles`.`kota` (`id`, `nama`, `id_provinsi`, `type`, `kodepos`, `deleted_at`) VALUES (264, 'Mamberamo Tengah', 24, 'Kabupaten', '99553', NULL);
INSERT INTO `miracles`.`kota` (`id`, `nama`, `id_provinsi`, `type`, `kodepos`, `deleted_at`) VALUES (265, 'Mamuju', 27, 'Kabupaten', '91519', NULL);
INSERT INTO `miracles`.`kota` (`id`, `nama`, `id_provinsi`, `type`, `kodepos`, `deleted_at`) VALUES (266, 'Mamuju Utara', 27, 'Kabupaten', '91571', NULL);
INSERT INTO `miracles`.`kota` (`id`, `nama`, `id_provinsi`, `type`, `kodepos`, `deleted_at`) VALUES (267, 'Manado', 31, 'Kota', '95247', NULL);
INSERT INTO `miracles`.`kota` (`id`, `nama`, `id_provinsi`, `type`, `kodepos`, `deleted_at`) VALUES (268, 'Mandailing Natal', 34, 'Kabupaten', '22916', NULL);
INSERT INTO `miracles`.`kota` (`id`, `nama`, `id_provinsi`, `type`, `kodepos`, `deleted_at`) VALUES (269, 'Manggarai', 23, 'Kabupaten', '86551', NULL);
INSERT INTO `miracles`.`kota` (`id`, `nama`, `id_provinsi`, `type`, `kodepos`, `deleted_at`) VALUES (270, 'Manggarai Barat', 23, 'Kabupaten', '86711', NULL);
INSERT INTO `miracles`.`kota` (`id`, `nama`, `id_provinsi`, `type`, `kodepos`, `deleted_at`) VALUES (271, 'Manggarai Timur', 23, 'Kabupaten', '86811', NULL);
INSERT INTO `miracles`.`kota` (`id`, `nama`, `id_provinsi`, `type`, `kodepos`, `deleted_at`) VALUES (272, 'Manokwari', 25, 'Kabupaten', '98311', NULL);
INSERT INTO `miracles`.`kota` (`id`, `nama`, `id_provinsi`, `type`, `kodepos`, `deleted_at`) VALUES (273, 'Manokwari Selatan', 25, 'Kabupaten', '98355', NULL);
INSERT INTO `miracles`.`kota` (`id`, `nama`, `id_provinsi`, `type`, `kodepos`, `deleted_at`) VALUES (274, 'Mappi', 24, 'Kabupaten', '99853', NULL);
INSERT INTO `miracles`.`kota` (`id`, `nama`, `id_provinsi`, `type`, `kodepos`, `deleted_at`) VALUES (275, 'Maros', 28, 'Kabupaten', '90511', NULL);
INSERT INTO `miracles`.`kota` (`id`, `nama`, `id_provinsi`, `type`, `kodepos`, `deleted_at`) VALUES (276, 'Mataram', 22, 'Kota', '83131', NULL);
INSERT INTO `miracles`.`kota` (`id`, `nama`, `id_provinsi`, `type`, `kodepos`, `deleted_at`) VALUES (277, 'Maybrat', 25, 'Kabupaten', '98051', NULL);
INSERT INTO `miracles`.`kota` (`id`, `nama`, `id_provinsi`, `type`, `kodepos`, `deleted_at`) VALUES (278, 'Medan', 34, 'Kota', '20228', NULL);
INSERT INTO `miracles`.`kota` (`id`, `nama`, `id_provinsi`, `type`, `kodepos`, `deleted_at`) VALUES (279, 'Melawi', 12, 'Kabupaten', '78619', NULL);
INSERT INTO `miracles`.`kota` (`id`, `nama`, `id_provinsi`, `type`, `kodepos`, `deleted_at`) VALUES (280, 'Merangin', 8, 'Kabupaten', '37319', NULL);
INSERT INTO `miracles`.`kota` (`id`, `nama`, `id_provinsi`, `type`, `kodepos`, `deleted_at`) VALUES (281, 'Merauke', 24, 'Kabupaten', '99613', NULL);
INSERT INTO `miracles`.`kota` (`id`, `nama`, `id_provinsi`, `type`, `kodepos`, `deleted_at`) VALUES (282, 'Mesuji', 18, 'Kabupaten', '34911', NULL);
INSERT INTO `miracles`.`kota` (`id`, `nama`, `id_provinsi`, `type`, `kodepos`, `deleted_at`) VALUES (283, 'Metro', 18, 'Kota', '34111', NULL);
INSERT INTO `miracles`.`kota` (`id`, `nama`, `id_provinsi`, `type`, `kodepos`, `deleted_at`) VALUES (284, 'Mimika', 24, 'Kabupaten', '99962', NULL);
INSERT INTO `miracles`.`kota` (`id`, `nama`, `id_provinsi`, `type`, `kodepos`, `deleted_at`) VALUES (285, 'Minahasa', 31, 'Kabupaten', '95614', NULL);
INSERT INTO `miracles`.`kota` (`id`, `nama`, `id_provinsi`, `type`, `kodepos`, `deleted_at`) VALUES (286, 'Minahasa Selatan', 31, 'Kabupaten', '95914', NULL);
INSERT INTO `miracles`.`kota` (`id`, `nama`, `id_provinsi`, `type`, `kodepos`, `deleted_at`) VALUES (287, 'Minahasa Tenggara', 31, 'Kabupaten', '95995', NULL);
INSERT INTO `miracles`.`kota` (`id`, `nama`, `id_provinsi`, `type`, `kodepos`, `deleted_at`) VALUES (288, 'Minahasa Utara', 31, 'Kabupaten', '95316', NULL);
INSERT INTO `miracles`.`kota` (`id`, `nama`, `id_provinsi`, `type`, `kodepos`, `deleted_at`) VALUES (289, 'Mojokerto', 11, 'Kabupaten', '61382', NULL);
INSERT INTO `miracles`.`kota` (`id`, `nama`, `id_provinsi`, `type`, `kodepos`, `deleted_at`) VALUES (290, 'Mojokerto', 11, 'Kota', '61316', NULL);
INSERT INTO `miracles`.`kota` (`id`, `nama`, `id_provinsi`, `type`, `kodepos`, `deleted_at`) VALUES (291, 'Morowali', 29, 'Kabupaten', '94911', NULL);
INSERT INTO `miracles`.`kota` (`id`, `nama`, `id_provinsi`, `type`, `kodepos`, `deleted_at`) VALUES (292, 'Muara Enim', 33, 'Kabupaten', '31315', NULL);
INSERT INTO `miracles`.`kota` (`id`, `nama`, `id_provinsi`, `type`, `kodepos`, `deleted_at`) VALUES (293, 'Muaro Jambi', 8, 'Kabupaten', '36311', NULL);
INSERT INTO `miracles`.`kota` (`id`, `nama`, `id_provinsi`, `type`, `kodepos`, `deleted_at`) VALUES (294, 'Muko Muko', 4, 'Kabupaten', '38715', NULL);
INSERT INTO `miracles`.`kota` (`id`, `nama`, `id_provinsi`, `type`, `kodepos`, `deleted_at`) VALUES (295, 'Muna', 30, 'Kabupaten', '93611', NULL);
INSERT INTO `miracles`.`kota` (`id`, `nama`, `id_provinsi`, `type`, `kodepos`, `deleted_at`) VALUES (296, 'Murung Raya', 14, 'Kabupaten', '73911', NULL);
INSERT INTO `miracles`.`kota` (`id`, `nama`, `id_provinsi`, `type`, `kodepos`, `deleted_at`) VALUES (297, 'Musi Banyuasin', 33, 'Kabupaten', '30719', NULL);
INSERT INTO `miracles`.`kota` (`id`, `nama`, `id_provinsi`, `type`, `kodepos`, `deleted_at`) VALUES (298, 'Musi Rawas', 33, 'Kabupaten', '31661', NULL);
INSERT INTO `miracles`.`kota` (`id`, `nama`, `id_provinsi`, `type`, `kodepos`, `deleted_at`) VALUES (299, 'Nabire', 24, 'Kabupaten', '98816', NULL);
INSERT INTO `miracles`.`kota` (`id`, `nama`, `id_provinsi`, `type`, `kodepos`, `deleted_at`) VALUES (300, 'Nagan Raya', 21, 'Kabupaten', '23674', NULL);
INSERT INTO `miracles`.`kota` (`id`, `nama`, `id_provinsi`, `type`, `kodepos`, `deleted_at`) VALUES (301, 'Nagekeo', 23, 'Kabupaten', '86911', NULL);
INSERT INTO `miracles`.`kota` (`id`, `nama`, `id_provinsi`, `type`, `kodepos`, `deleted_at`) VALUES (302, 'Natuna', 17, 'Kabupaten', '29711', NULL);
INSERT INTO `miracles`.`kota` (`id`, `nama`, `id_provinsi`, `type`, `kodepos`, `deleted_at`) VALUES (303, 'Nduga', 24, 'Kabupaten', '99541', NULL);
INSERT INTO `miracles`.`kota` (`id`, `nama`, `id_provinsi`, `type`, `kodepos`, `deleted_at`) VALUES (304, 'Ngada', 23, 'Kabupaten', '86413', NULL);
INSERT INTO `miracles`.`kota` (`id`, `nama`, `id_provinsi`, `type`, `kodepos`, `deleted_at`) VALUES (305, 'Nganjuk', 11, 'Kabupaten', '64414', NULL);
INSERT INTO `miracles`.`kota` (`id`, `nama`, `id_provinsi`, `type`, `kodepos`, `deleted_at`) VALUES (306, 'Ngawi', 11, 'Kabupaten', '63219', NULL);
INSERT INTO `miracles`.`kota` (`id`, `nama`, `id_provinsi`, `type`, `kodepos`, `deleted_at`) VALUES (307, 'Nias', 34, 'Kabupaten', '22876', NULL);
INSERT INTO `miracles`.`kota` (`id`, `nama`, `id_provinsi`, `type`, `kodepos`, `deleted_at`) VALUES (308, 'Nias Barat', 34, 'Kabupaten', '22895', NULL);
INSERT INTO `miracles`.`kota` (`id`, `nama`, `id_provinsi`, `type`, `kodepos`, `deleted_at`) VALUES (309, 'Nias Selatan', 34, 'Kabupaten', '22865', NULL);
INSERT INTO `miracles`.`kota` (`id`, `nama`, `id_provinsi`, `type`, `kodepos`, `deleted_at`) VALUES (310, 'Nias Utara', 34, 'Kabupaten', '22856', NULL);
INSERT INTO `miracles`.`kota` (`id`, `nama`, `id_provinsi`, `type`, `kodepos`, `deleted_at`) VALUES (311, 'Nunukan', 16, 'Kabupaten', '77421', NULL);
INSERT INTO `miracles`.`kota` (`id`, `nama`, `id_provinsi`, `type`, `kodepos`, `deleted_at`) VALUES (312, 'Ogan Ilir', 33, 'Kabupaten', '30811', NULL);
INSERT INTO `miracles`.`kota` (`id`, `nama`, `id_provinsi`, `type`, `kodepos`, `deleted_at`) VALUES (313, 'Ogan Komering Ilir', 33, 'Kabupaten', '30618', NULL);
INSERT INTO `miracles`.`kota` (`id`, `nama`, `id_provinsi`, `type`, `kodepos`, `deleted_at`) VALUES (314, 'Ogan Komering Ulu', 33, 'Kabupaten', '32112', NULL);
INSERT INTO `miracles`.`kota` (`id`, `nama`, `id_provinsi`, `type`, `kodepos`, `deleted_at`) VALUES (315, 'Ogan Komering Ulu Selatan', 33, 'Kabupaten', '32211', NULL);
INSERT INTO `miracles`.`kota` (`id`, `nama`, `id_provinsi`, `type`, `kodepos`, `deleted_at`) VALUES (316, 'Ogan Komering Ulu Timur', 33, 'Kabupaten', '32312', NULL);
INSERT INTO `miracles`.`kota` (`id`, `nama`, `id_provinsi`, `type`, `kodepos`, `deleted_at`) VALUES (317, 'Pacitan', 11, 'Kabupaten', '63512', NULL);
INSERT INTO `miracles`.`kota` (`id`, `nama`, `id_provinsi`, `type`, `kodepos`, `deleted_at`) VALUES (318, 'Padang', 32, 'Kota', '25112', NULL);
INSERT INTO `miracles`.`kota` (`id`, `nama`, `id_provinsi`, `type`, `kodepos`, `deleted_at`) VALUES (319, 'Padang Lawas', 34, 'Kabupaten', '22763', NULL);
INSERT INTO `miracles`.`kota` (`id`, `nama`, `id_provinsi`, `type`, `kodepos`, `deleted_at`) VALUES (320, 'Padang Lawas Utara', 34, 'Kabupaten', '22753', NULL);
INSERT INTO `miracles`.`kota` (`id`, `nama`, `id_provinsi`, `type`, `kodepos`, `deleted_at`) VALUES (321, 'Padang Panjang', 32, 'Kota', '27122', NULL);
INSERT INTO `miracles`.`kota` (`id`, `nama`, `id_provinsi`, `type`, `kodepos`, `deleted_at`) VALUES (322, 'Padang Pariaman', 32, 'Kabupaten', '25583', NULL);
INSERT INTO `miracles`.`kota` (`id`, `nama`, `id_provinsi`, `type`, `kodepos`, `deleted_at`) VALUES (323, 'Padang Sidempuan', 34, 'Kota', '22727', NULL);
INSERT INTO `miracles`.`kota` (`id`, `nama`, `id_provinsi`, `type`, `kodepos`, `deleted_at`) VALUES (324, 'Pagar Alam', 33, 'Kota', '31512', NULL);
INSERT INTO `miracles`.`kota` (`id`, `nama`, `id_provinsi`, `type`, `kodepos`, `deleted_at`) VALUES (325, 'Pakpak Bharat', 34, 'Kabupaten', '22272', NULL);
INSERT INTO `miracles`.`kota` (`id`, `nama`, `id_provinsi`, `type`, `kodepos`, `deleted_at`) VALUES (326, 'Palangka Raya', 14, 'Kota', '73112', NULL);
INSERT INTO `miracles`.`kota` (`id`, `nama`, `id_provinsi`, `type`, `kodepos`, `deleted_at`) VALUES (327, 'Palembang', 33, 'Kota', '31512', NULL);
INSERT INTO `miracles`.`kota` (`id`, `nama`, `id_provinsi`, `type`, `kodepos`, `deleted_at`) VALUES (328, 'Palopo', 28, 'Kota', '91911', NULL);
INSERT INTO `miracles`.`kota` (`id`, `nama`, `id_provinsi`, `type`, `kodepos`, `deleted_at`) VALUES (329, 'Palu', 29, 'Kota', '94111', NULL);
INSERT INTO `miracles`.`kota` (`id`, `nama`, `id_provinsi`, `type`, `kodepos`, `deleted_at`) VALUES (330, 'Pamekasan', 11, 'Kabupaten', '69319', NULL);
INSERT INTO `miracles`.`kota` (`id`, `nama`, `id_provinsi`, `type`, `kodepos`, `deleted_at`) VALUES (331, 'Pandeglang', 3, 'Kabupaten', '42212', NULL);
INSERT INTO `miracles`.`kota` (`id`, `nama`, `id_provinsi`, `type`, `kodepos`, `deleted_at`) VALUES (332, 'Pangandaran', 9, 'Kabupaten', '46511', NULL);
INSERT INTO `miracles`.`kota` (`id`, `nama`, `id_provinsi`, `type`, `kodepos`, `deleted_at`) VALUES (333, 'Pangkajene Kepulauan', 28, 'Kabupaten', '90611', NULL);
INSERT INTO `miracles`.`kota` (`id`, `nama`, `id_provinsi`, `type`, `kodepos`, `deleted_at`) VALUES (334, 'Pangkal Pinang', 2, 'Kota', '33115', NULL);
INSERT INTO `miracles`.`kota` (`id`, `nama`, `id_provinsi`, `type`, `kodepos`, `deleted_at`) VALUES (335, 'Paniai', 24, 'Kabupaten', '98765', NULL);
INSERT INTO `miracles`.`kota` (`id`, `nama`, `id_provinsi`, `type`, `kodepos`, `deleted_at`) VALUES (336, 'Parepare', 28, 'Kota', '91123', NULL);
INSERT INTO `miracles`.`kota` (`id`, `nama`, `id_provinsi`, `type`, `kodepos`, `deleted_at`) VALUES (337, 'Pariaman', 32, 'Kota', '25511', NULL);
INSERT INTO `miracles`.`kota` (`id`, `nama`, `id_provinsi`, `type`, `kodepos`, `deleted_at`) VALUES (338, 'Parigi Moutong', 29, 'Kabupaten', '94411', NULL);
INSERT INTO `miracles`.`kota` (`id`, `nama`, `id_provinsi`, `type`, `kodepos`, `deleted_at`) VALUES (339, 'Pasaman', 32, 'Kabupaten', '26318', NULL);
INSERT INTO `miracles`.`kota` (`id`, `nama`, `id_provinsi`, `type`, `kodepos`, `deleted_at`) VALUES (340, 'Pasaman Barat', 32, 'Kabupaten', '26511', NULL);
INSERT INTO `miracles`.`kota` (`id`, `nama`, `id_provinsi`, `type`, `kodepos`, `deleted_at`) VALUES (341, 'Paser', 15, 'Kabupaten', '76211', NULL);
INSERT INTO `miracles`.`kota` (`id`, `nama`, `id_provinsi`, `type`, `kodepos`, `deleted_at`) VALUES (342, 'Pasuruan', 11, 'Kabupaten', '67153', NULL);
INSERT INTO `miracles`.`kota` (`id`, `nama`, `id_provinsi`, `type`, `kodepos`, `deleted_at`) VALUES (343, 'Pasuruan', 11, 'Kota', '67118', NULL);
INSERT INTO `miracles`.`kota` (`id`, `nama`, `id_provinsi`, `type`, `kodepos`, `deleted_at`) VALUES (344, 'Pati', 10, 'Kabupaten', '59114', NULL);
INSERT INTO `miracles`.`kota` (`id`, `nama`, `id_provinsi`, `type`, `kodepos`, `deleted_at`) VALUES (345, 'Payakumbuh', 32, 'Kota', '26213', NULL);
INSERT INTO `miracles`.`kota` (`id`, `nama`, `id_provinsi`, `type`, `kodepos`, `deleted_at`) VALUES (346, 'Pegunungan Arfak', 25, 'Kabupaten', '98354', NULL);
INSERT INTO `miracles`.`kota` (`id`, `nama`, `id_provinsi`, `type`, `kodepos`, `deleted_at`) VALUES (347, 'Pegunungan Bintang', 24, 'Kabupaten', '99573', NULL);
INSERT INTO `miracles`.`kota` (`id`, `nama`, `id_provinsi`, `type`, `kodepos`, `deleted_at`) VALUES (348, 'Pekalongan', 10, 'Kabupaten', '51161', NULL);
INSERT INTO `miracles`.`kota` (`id`, `nama`, `id_provinsi`, `type`, `kodepos`, `deleted_at`) VALUES (349, 'Pekalongan', 10, 'Kota', '51122', NULL);
INSERT INTO `miracles`.`kota` (`id`, `nama`, `id_provinsi`, `type`, `kodepos`, `deleted_at`) VALUES (350, 'Pekanbaru', 26, 'Kota', '28112', NULL);
INSERT INTO `miracles`.`kota` (`id`, `nama`, `id_provinsi`, `type`, `kodepos`, `deleted_at`) VALUES (351, 'Pelalawan', 26, 'Kabupaten', '28311', NULL);
INSERT INTO `miracles`.`kota` (`id`, `nama`, `id_provinsi`, `type`, `kodepos`, `deleted_at`) VALUES (352, 'Pemalang', 10, 'Kabupaten', '52319', NULL);
INSERT INTO `miracles`.`kota` (`id`, `nama`, `id_provinsi`, `type`, `kodepos`, `deleted_at`) VALUES (353, 'Pematang Siantar', 34, 'Kota', '21126', NULL);
INSERT INTO `miracles`.`kota` (`id`, `nama`, `id_provinsi`, `type`, `kodepos`, `deleted_at`) VALUES (354, 'Penajam Paser Utara', 15, 'Kabupaten', '76311', NULL);
INSERT INTO `miracles`.`kota` (`id`, `nama`, `id_provinsi`, `type`, `kodepos`, `deleted_at`) VALUES (355, 'Pesawaran', 18, 'Kabupaten', '35312', NULL);
INSERT INTO `miracles`.`kota` (`id`, `nama`, `id_provinsi`, `type`, `kodepos`, `deleted_at`) VALUES (356, 'Pesisir Barat', 18, 'Kabupaten', '35974', NULL);
INSERT INTO `miracles`.`kota` (`id`, `nama`, `id_provinsi`, `type`, `kodepos`, `deleted_at`) VALUES (357, 'Pesisir Selatan', 32, 'Kabupaten', '25611', NULL);
INSERT INTO `miracles`.`kota` (`id`, `nama`, `id_provinsi`, `type`, `kodepos`, `deleted_at`) VALUES (358, 'Pidie', 21, 'Kabupaten', '24116', NULL);
INSERT INTO `miracles`.`kota` (`id`, `nama`, `id_provinsi`, `type`, `kodepos`, `deleted_at`) VALUES (359, 'Pidie Jaya', 21, 'Kabupaten', '24186', NULL);
INSERT INTO `miracles`.`kota` (`id`, `nama`, `id_provinsi`, `type`, `kodepos`, `deleted_at`) VALUES (360, 'Pinrang', 28, 'Kabupaten', '91251', NULL);
INSERT INTO `miracles`.`kota` (`id`, `nama`, `id_provinsi`, `type`, `kodepos`, `deleted_at`) VALUES (361, 'Pohuwato', 7, 'Kabupaten', '96419', NULL);
INSERT INTO `miracles`.`kota` (`id`, `nama`, `id_provinsi`, `type`, `kodepos`, `deleted_at`) VALUES (362, 'Polewali Mandar', 27, 'Kabupaten', '91311', NULL);
INSERT INTO `miracles`.`kota` (`id`, `nama`, `id_provinsi`, `type`, `kodepos`, `deleted_at`) VALUES (363, 'Ponorogo', 11, 'Kabupaten', '63411', NULL);
INSERT INTO `miracles`.`kota` (`id`, `nama`, `id_provinsi`, `type`, `kodepos`, `deleted_at`) VALUES (364, 'Pontianak', 12, 'Kabupaten', '78971', NULL);
INSERT INTO `miracles`.`kota` (`id`, `nama`, `id_provinsi`, `type`, `kodepos`, `deleted_at`) VALUES (365, 'Pontianak', 12, 'Kota', '78112', NULL);
INSERT INTO `miracles`.`kota` (`id`, `nama`, `id_provinsi`, `type`, `kodepos`, `deleted_at`) VALUES (366, 'Poso', 29, 'Kabupaten', '94615', NULL);
INSERT INTO `miracles`.`kota` (`id`, `nama`, `id_provinsi`, `type`, `kodepos`, `deleted_at`) VALUES (367, 'Prabumulih', 33, 'Kota', '31121', NULL);
INSERT INTO `miracles`.`kota` (`id`, `nama`, `id_provinsi`, `type`, `kodepos`, `deleted_at`) VALUES (368, 'Pringsewu', 18, 'Kabupaten', '35719', NULL);
INSERT INTO `miracles`.`kota` (`id`, `nama`, `id_provinsi`, `type`, `kodepos`, `deleted_at`) VALUES (369, 'Probolinggo', 11, 'Kabupaten', '67282', NULL);
INSERT INTO `miracles`.`kota` (`id`, `nama`, `id_provinsi`, `type`, `kodepos`, `deleted_at`) VALUES (370, 'Probolinggo', 11, 'Kota', '67215', NULL);
INSERT INTO `miracles`.`kota` (`id`, `nama`, `id_provinsi`, `type`, `kodepos`, `deleted_at`) VALUES (371, 'Pulang Pisau', 14, 'Kabupaten', '74811', NULL);
INSERT INTO `miracles`.`kota` (`id`, `nama`, `id_provinsi`, `type`, `kodepos`, `deleted_at`) VALUES (372, 'Pulau Morotai', 20, 'Kabupaten', '97771', NULL);
INSERT INTO `miracles`.`kota` (`id`, `nama`, `id_provinsi`, `type`, `kodepos`, `deleted_at`) VALUES (373, 'Puncak', 24, 'Kabupaten', '98981', NULL);
INSERT INTO `miracles`.`kota` (`id`, `nama`, `id_provinsi`, `type`, `kodepos`, `deleted_at`) VALUES (374, 'Puncak Jaya', 24, 'Kabupaten', '98979', NULL);
INSERT INTO `miracles`.`kota` (`id`, `nama`, `id_provinsi`, `type`, `kodepos`, `deleted_at`) VALUES (375, 'Purbalingga', 10, 'Kabupaten', '53312', NULL);
INSERT INTO `miracles`.`kota` (`id`, `nama`, `id_provinsi`, `type`, `kodepos`, `deleted_at`) VALUES (376, 'Purwakarta', 9, 'Kabupaten', '41119', NULL);
INSERT INTO `miracles`.`kota` (`id`, `nama`, `id_provinsi`, `type`, `kodepos`, `deleted_at`) VALUES (377, 'Purworejo', 10, 'Kabupaten', '54111', NULL);
INSERT INTO `miracles`.`kota` (`id`, `nama`, `id_provinsi`, `type`, `kodepos`, `deleted_at`) VALUES (378, 'Raja Ampat', 25, 'Kabupaten', '98489', NULL);
INSERT INTO `miracles`.`kota` (`id`, `nama`, `id_provinsi`, `type`, `kodepos`, `deleted_at`) VALUES (379, 'Rejang Lebong', 4, 'Kabupaten', '39112', NULL);
INSERT INTO `miracles`.`kota` (`id`, `nama`, `id_provinsi`, `type`, `kodepos`, `deleted_at`) VALUES (380, 'Rembang', 10, 'Kabupaten', '59219', NULL);
INSERT INTO `miracles`.`kota` (`id`, `nama`, `id_provinsi`, `type`, `kodepos`, `deleted_at`) VALUES (381, 'Rokan Hilir', 26, 'Kabupaten', '28992', NULL);
INSERT INTO `miracles`.`kota` (`id`, `nama`, `id_provinsi`, `type`, `kodepos`, `deleted_at`) VALUES (382, 'Rokan Hulu', 26, 'Kabupaten', '28511', NULL);
INSERT INTO `miracles`.`kota` (`id`, `nama`, `id_provinsi`, `type`, `kodepos`, `deleted_at`) VALUES (383, 'Rote Ndao', 23, 'Kabupaten', '85982', NULL);
INSERT INTO `miracles`.`kota` (`id`, `nama`, `id_provinsi`, `type`, `kodepos`, `deleted_at`) VALUES (384, 'Sabang', 21, 'Kota', '23512', NULL);
INSERT INTO `miracles`.`kota` (`id`, `nama`, `id_provinsi`, `type`, `kodepos`, `deleted_at`) VALUES (385, 'Sabu Raijua', 23, 'Kabupaten', '85391', NULL);
INSERT INTO `miracles`.`kota` (`id`, `nama`, `id_provinsi`, `type`, `kodepos`, `deleted_at`) VALUES (386, 'Salatiga', 10, 'Kota', '50711', NULL);
INSERT INTO `miracles`.`kota` (`id`, `nama`, `id_provinsi`, `type`, `kodepos`, `deleted_at`) VALUES (387, 'Samarinda', 15, 'Kota', '75133', NULL);
INSERT INTO `miracles`.`kota` (`id`, `nama`, `id_provinsi`, `type`, `kodepos`, `deleted_at`) VALUES (388, 'Sambas', 12, 'Kabupaten', '79453', NULL);
INSERT INTO `miracles`.`kota` (`id`, `nama`, `id_provinsi`, `type`, `kodepos`, `deleted_at`) VALUES (389, 'Samosir', 34, 'Kabupaten', '22392', NULL);
INSERT INTO `miracles`.`kota` (`id`, `nama`, `id_provinsi`, `type`, `kodepos`, `deleted_at`) VALUES (390, 'Sampang', 11, 'Kabupaten', '69219', NULL);
INSERT INTO `miracles`.`kota` (`id`, `nama`, `id_provinsi`, `type`, `kodepos`, `deleted_at`) VALUES (391, 'Sanggau', 12, 'Kabupaten', '78557', NULL);
INSERT INTO `miracles`.`kota` (`id`, `nama`, `id_provinsi`, `type`, `kodepos`, `deleted_at`) VALUES (392, 'Sarmi', 24, 'Kabupaten', '99373', NULL);
INSERT INTO `miracles`.`kota` (`id`, `nama`, `id_provinsi`, `type`, `kodepos`, `deleted_at`) VALUES (393, 'Sarolangun', 8, 'Kabupaten', '37419', NULL);
INSERT INTO `miracles`.`kota` (`id`, `nama`, `id_provinsi`, `type`, `kodepos`, `deleted_at`) VALUES (394, 'Sawah Lunto', 32, 'Kota', '27416', NULL);
INSERT INTO `miracles`.`kota` (`id`, `nama`, `id_provinsi`, `type`, `kodepos`, `deleted_at`) VALUES (395, 'Sekadau', 12, 'Kabupaten', '79583', NULL);
INSERT INTO `miracles`.`kota` (`id`, `nama`, `id_provinsi`, `type`, `kodepos`, `deleted_at`) VALUES (396, 'Selayar (Kepulauan Selayar)', 28, 'Kabupaten', '92812', NULL);
INSERT INTO `miracles`.`kota` (`id`, `nama`, `id_provinsi`, `type`, `kodepos`, `deleted_at`) VALUES (397, 'Seluma', 4, 'Kabupaten', '38811', NULL);
INSERT INTO `miracles`.`kota` (`id`, `nama`, `id_provinsi`, `type`, `kodepos`, `deleted_at`) VALUES (398, 'Semarang', 10, 'Kabupaten', '50511', NULL);
INSERT INTO `miracles`.`kota` (`id`, `nama`, `id_provinsi`, `type`, `kodepos`, `deleted_at`) VALUES (399, 'Semarang', 10, 'Kota', '50135', NULL);
INSERT INTO `miracles`.`kota` (`id`, `nama`, `id_provinsi`, `type`, `kodepos`, `deleted_at`) VALUES (400, 'Seram Bagian Barat', 19, 'Kabupaten', '97561', NULL);
INSERT INTO `miracles`.`kota` (`id`, `nama`, `id_provinsi`, `type`, `kodepos`, `deleted_at`) VALUES (401, 'Seram Bagian Timur', 19, 'Kabupaten', '97581', NULL);
INSERT INTO `miracles`.`kota` (`id`, `nama`, `id_provinsi`, `type`, `kodepos`, `deleted_at`) VALUES (402, 'Serang', 3, 'Kabupaten', '42182', NULL);
INSERT INTO `miracles`.`kota` (`id`, `nama`, `id_provinsi`, `type`, `kodepos`, `deleted_at`) VALUES (403, 'Serang', 3, 'Kota', '42111', NULL);
INSERT INTO `miracles`.`kota` (`id`, `nama`, `id_provinsi`, `type`, `kodepos`, `deleted_at`) VALUES (404, 'Serdang Bedagai', 34, 'Kabupaten', '20915', NULL);
INSERT INTO `miracles`.`kota` (`id`, `nama`, `id_provinsi`, `type`, `kodepos`, `deleted_at`) VALUES (405, 'Seruyan', 14, 'Kabupaten', '74211', NULL);
INSERT INTO `miracles`.`kota` (`id`, `nama`, `id_provinsi`, `type`, `kodepos`, `deleted_at`) VALUES (406, 'Siak', 26, 'Kabupaten', '28623', NULL);
INSERT INTO `miracles`.`kota` (`id`, `nama`, `id_provinsi`, `type`, `kodepos`, `deleted_at`) VALUES (407, 'Sibolga', 34, 'Kota', '22522', NULL);
INSERT INTO `miracles`.`kota` (`id`, `nama`, `id_provinsi`, `type`, `kodepos`, `deleted_at`) VALUES (408, 'Sidenreng Rappang/Rapang', 28, 'Kabupaten', '91613', NULL);
INSERT INTO `miracles`.`kota` (`id`, `nama`, `id_provinsi`, `type`, `kodepos`, `deleted_at`) VALUES (409, 'Sidoarjo', 11, 'Kabupaten', '61219', NULL);
INSERT INTO `miracles`.`kota` (`id`, `nama`, `id_provinsi`, `type`, `kodepos`, `deleted_at`) VALUES (410, 'Sigi', 29, 'Kabupaten', '94364', NULL);
INSERT INTO `miracles`.`kota` (`id`, `nama`, `id_provinsi`, `type`, `kodepos`, `deleted_at`) VALUES (411, 'Sijunjung (Sawah Lunto Sijunjung)', 32, 'Kabupaten', '27511', NULL);
INSERT INTO `miracles`.`kota` (`id`, `nama`, `id_provinsi`, `type`, `kodepos`, `deleted_at`) VALUES (412, 'Sikka', 23, 'Kabupaten', '86121', NULL);
INSERT INTO `miracles`.`kota` (`id`, `nama`, `id_provinsi`, `type`, `kodepos`, `deleted_at`) VALUES (413, 'Simalungun', 34, 'Kabupaten', '21162', NULL);
INSERT INTO `miracles`.`kota` (`id`, `nama`, `id_provinsi`, `type`, `kodepos`, `deleted_at`) VALUES (414, 'Simeulue', 21, 'Kabupaten', '23891', NULL);
INSERT INTO `miracles`.`kota` (`id`, `nama`, `id_provinsi`, `type`, `kodepos`, `deleted_at`) VALUES (415, 'Singkawang', 12, 'Kota', '79117', NULL);
INSERT INTO `miracles`.`kota` (`id`, `nama`, `id_provinsi`, `type`, `kodepos`, `deleted_at`) VALUES (416, 'Sinjai', 28, 'Kabupaten', '92615', NULL);
INSERT INTO `miracles`.`kota` (`id`, `nama`, `id_provinsi`, `type`, `kodepos`, `deleted_at`) VALUES (417, 'Sintang', 12, 'Kabupaten', '78619', NULL);
INSERT INTO `miracles`.`kota` (`id`, `nama`, `id_provinsi`, `type`, `kodepos`, `deleted_at`) VALUES (418, 'Situbondo', 11, 'Kabupaten', '68316', NULL);
INSERT INTO `miracles`.`kota` (`id`, `nama`, `id_provinsi`, `type`, `kodepos`, `deleted_at`) VALUES (419, 'Sleman', 5, 'Kabupaten', '55513', NULL);
INSERT INTO `miracles`.`kota` (`id`, `nama`, `id_provinsi`, `type`, `kodepos`, `deleted_at`) VALUES (420, 'Solok', 32, 'Kabupaten', '27365', NULL);
INSERT INTO `miracles`.`kota` (`id`, `nama`, `id_provinsi`, `type`, `kodepos`, `deleted_at`) VALUES (421, 'Solok', 32, 'Kota', '27315', NULL);
INSERT INTO `miracles`.`kota` (`id`, `nama`, `id_provinsi`, `type`, `kodepos`, `deleted_at`) VALUES (422, 'Solok Selatan', 32, 'Kabupaten', '27779', NULL);
INSERT INTO `miracles`.`kota` (`id`, `nama`, `id_provinsi`, `type`, `kodepos`, `deleted_at`) VALUES (423, 'Soppeng', 28, 'Kabupaten', '90812', NULL);
INSERT INTO `miracles`.`kota` (`id`, `nama`, `id_provinsi`, `type`, `kodepos`, `deleted_at`) VALUES (424, 'Sorong', 25, 'Kabupaten', '98431', NULL);
INSERT INTO `miracles`.`kota` (`id`, `nama`, `id_provinsi`, `type`, `kodepos`, `deleted_at`) VALUES (425, 'Sorong', 25, 'Kota', '98411', NULL);
INSERT INTO `miracles`.`kota` (`id`, `nama`, `id_provinsi`, `type`, `kodepos`, `deleted_at`) VALUES (426, 'Sorong Selatan', 25, 'Kabupaten', '98454', NULL);
INSERT INTO `miracles`.`kota` (`id`, `nama`, `id_provinsi`, `type`, `kodepos`, `deleted_at`) VALUES (427, 'Sragen', 10, 'Kabupaten', '57211', NULL);
INSERT INTO `miracles`.`kota` (`id`, `nama`, `id_provinsi`, `type`, `kodepos`, `deleted_at`) VALUES (428, 'Subang', 9, 'Kabupaten', '41215', NULL);
INSERT INTO `miracles`.`kota` (`id`, `nama`, `id_provinsi`, `type`, `kodepos`, `deleted_at`) VALUES (429, 'Subulussalam', 21, 'Kota', '24882', NULL);
INSERT INTO `miracles`.`kota` (`id`, `nama`, `id_provinsi`, `type`, `kodepos`, `deleted_at`) VALUES (430, 'Sukabumi', 9, 'Kabupaten', '43311', NULL);
INSERT INTO `miracles`.`kota` (`id`, `nama`, `id_provinsi`, `type`, `kodepos`, `deleted_at`) VALUES (431, 'Sukabumi', 9, 'Kota', '43114', NULL);
INSERT INTO `miracles`.`kota` (`id`, `nama`, `id_provinsi`, `type`, `kodepos`, `deleted_at`) VALUES (432, 'Sukamara', 14, 'Kabupaten', '74712', NULL);
INSERT INTO `miracles`.`kota` (`id`, `nama`, `id_provinsi`, `type`, `kodepos`, `deleted_at`) VALUES (433, 'Sukoharjo', 10, 'Kabupaten', '57514', NULL);
INSERT INTO `miracles`.`kota` (`id`, `nama`, `id_provinsi`, `type`, `kodepos`, `deleted_at`) VALUES (434, 'Sumba Barat', 23, 'Kabupaten', '87219', NULL);
INSERT INTO `miracles`.`kota` (`id`, `nama`, `id_provinsi`, `type`, `kodepos`, `deleted_at`) VALUES (435, 'Sumba Barat Daya', 23, 'Kabupaten', '87453', NULL);
INSERT INTO `miracles`.`kota` (`id`, `nama`, `id_provinsi`, `type`, `kodepos`, `deleted_at`) VALUES (436, 'Sumba Tengah', 23, 'Kabupaten', '87358', NULL);
INSERT INTO `miracles`.`kota` (`id`, `nama`, `id_provinsi`, `type`, `kodepos`, `deleted_at`) VALUES (437, 'Sumba Timur', 23, 'Kabupaten', '87112', NULL);
INSERT INTO `miracles`.`kota` (`id`, `nama`, `id_provinsi`, `type`, `kodepos`, `deleted_at`) VALUES (438, 'Sumbawa', 22, 'Kabupaten', '84315', NULL);
INSERT INTO `miracles`.`kota` (`id`, `nama`, `id_provinsi`, `type`, `kodepos`, `deleted_at`) VALUES (439, 'Sumbawa Barat', 22, 'Kabupaten', '84419', NULL);
INSERT INTO `miracles`.`kota` (`id`, `nama`, `id_provinsi`, `type`, `kodepos`, `deleted_at`) VALUES (440, 'Sumedang', 9, 'Kabupaten', '45326', NULL);
INSERT INTO `miracles`.`kota` (`id`, `nama`, `id_provinsi`, `type`, `kodepos`, `deleted_at`) VALUES (441, 'Sumenep', 11, 'Kabupaten', '69413', NULL);
INSERT INTO `miracles`.`kota` (`id`, `nama`, `id_provinsi`, `type`, `kodepos`, `deleted_at`) VALUES (442, 'Sungaipenuh', 8, 'Kota', '37113', NULL);
INSERT INTO `miracles`.`kota` (`id`, `nama`, `id_provinsi`, `type`, `kodepos`, `deleted_at`) VALUES (443, 'Supiori', 24, 'Kabupaten', '98164', NULL);
INSERT INTO `miracles`.`kota` (`id`, `nama`, `id_provinsi`, `type`, `kodepos`, `deleted_at`) VALUES (444, 'Surabaya', 11, 'Kota', '60119', NULL);
INSERT INTO `miracles`.`kota` (`id`, `nama`, `id_provinsi`, `type`, `kodepos`, `deleted_at`) VALUES (445, 'Surakarta (Solo)', 10, 'Kota', '57113', NULL);
INSERT INTO `miracles`.`kota` (`id`, `nama`, `id_provinsi`, `type`, `kodepos`, `deleted_at`) VALUES (446, 'Tabalong', 13, 'Kabupaten', '71513', NULL);
INSERT INTO `miracles`.`kota` (`id`, `nama`, `id_provinsi`, `type`, `kodepos`, `deleted_at`) VALUES (447, 'Tabanan', 1, 'Kabupaten', '82119', NULL);
INSERT INTO `miracles`.`kota` (`id`, `nama`, `id_provinsi`, `type`, `kodepos`, `deleted_at`) VALUES (448, 'Takalar', 28, 'Kabupaten', '92212', NULL);
INSERT INTO `miracles`.`kota` (`id`, `nama`, `id_provinsi`, `type`, `kodepos`, `deleted_at`) VALUES (449, 'Tambrauw', 25, 'Kabupaten', '98475', NULL);
INSERT INTO `miracles`.`kota` (`id`, `nama`, `id_provinsi`, `type`, `kodepos`, `deleted_at`) VALUES (450, 'Tana Tidung', 16, 'Kabupaten', '77611', NULL);
INSERT INTO `miracles`.`kota` (`id`, `nama`, `id_provinsi`, `type`, `kodepos`, `deleted_at`) VALUES (451, 'Tana Toraja', 28, 'Kabupaten', '91819', NULL);
INSERT INTO `miracles`.`kota` (`id`, `nama`, `id_provinsi`, `type`, `kodepos`, `deleted_at`) VALUES (452, 'Tanah Bumbu', 13, 'Kabupaten', '72211', NULL);
INSERT INTO `miracles`.`kota` (`id`, `nama`, `id_provinsi`, `type`, `kodepos`, `deleted_at`) VALUES (453, 'Tanah Datar', 32, 'Kabupaten', '27211', NULL);
INSERT INTO `miracles`.`kota` (`id`, `nama`, `id_provinsi`, `type`, `kodepos`, `deleted_at`) VALUES (454, 'Tanah Laut', 13, 'Kabupaten', '70811', NULL);
INSERT INTO `miracles`.`kota` (`id`, `nama`, `id_provinsi`, `type`, `kodepos`, `deleted_at`) VALUES (455, 'Tangerang', 3, 'Kabupaten', '15914', NULL);
INSERT INTO `miracles`.`kota` (`id`, `nama`, `id_provinsi`, `type`, `kodepos`, `deleted_at`) VALUES (456, 'Tangerang', 3, 'Kota', '15111', NULL);
INSERT INTO `miracles`.`kota` (`id`, `nama`, `id_provinsi`, `type`, `kodepos`, `deleted_at`) VALUES (457, 'Tangerang Selatan', 3, 'Kota', '15332', NULL);
INSERT INTO `miracles`.`kota` (`id`, `nama`, `id_provinsi`, `type`, `kodepos`, `deleted_at`) VALUES (458, 'Tanggamus', 18, 'Kabupaten', '35619', NULL);
INSERT INTO `miracles`.`kota` (`id`, `nama`, `id_provinsi`, `type`, `kodepos`, `deleted_at`) VALUES (459, 'Tanjung Balai', 34, 'Kota', '21321', NULL);
INSERT INTO `miracles`.`kota` (`id`, `nama`, `id_provinsi`, `type`, `kodepos`, `deleted_at`) VALUES (460, 'Tanjung Jabung Barat', 8, 'Kabupaten', '36513', NULL);
INSERT INTO `miracles`.`kota` (`id`, `nama`, `id_provinsi`, `type`, `kodepos`, `deleted_at`) VALUES (461, 'Tanjung Jabung Timur', 8, 'Kabupaten', '36719', NULL);
INSERT INTO `miracles`.`kota` (`id`, `nama`, `id_provinsi`, `type`, `kodepos`, `deleted_at`) VALUES (462, 'Tanjung Pinang', 17, 'Kota', '29111', NULL);
INSERT INTO `miracles`.`kota` (`id`, `nama`, `id_provinsi`, `type`, `kodepos`, `deleted_at`) VALUES (463, 'Tapanuli Selatan', 34, 'Kabupaten', '22742', NULL);
INSERT INTO `miracles`.`kota` (`id`, `nama`, `id_provinsi`, `type`, `kodepos`, `deleted_at`) VALUES (464, 'Tapanuli Tengah', 34, 'Kabupaten', '22611', NULL);
INSERT INTO `miracles`.`kota` (`id`, `nama`, `id_provinsi`, `type`, `kodepos`, `deleted_at`) VALUES (465, 'Tapanuli Utara', 34, 'Kabupaten', '22414', NULL);
INSERT INTO `miracles`.`kota` (`id`, `nama`, `id_provinsi`, `type`, `kodepos`, `deleted_at`) VALUES (466, 'Tapin', 13, 'Kabupaten', '71119', NULL);
INSERT INTO `miracles`.`kota` (`id`, `nama`, `id_provinsi`, `type`, `kodepos`, `deleted_at`) VALUES (467, 'Tarakan', 16, 'Kota', '77114', NULL);
INSERT INTO `miracles`.`kota` (`id`, `nama`, `id_provinsi`, `type`, `kodepos`, `deleted_at`) VALUES (468, 'Tasikmalaya', 9, 'Kabupaten', '46411', NULL);
INSERT INTO `miracles`.`kota` (`id`, `nama`, `id_provinsi`, `type`, `kodepos`, `deleted_at`) VALUES (469, 'Tasikmalaya', 9, 'Kota', '46116', NULL);
INSERT INTO `miracles`.`kota` (`id`, `nama`, `id_provinsi`, `type`, `kodepos`, `deleted_at`) VALUES (470, 'Tebing Tinggi', 34, 'Kota', '20632', NULL);
INSERT INTO `miracles`.`kota` (`id`, `nama`, `id_provinsi`, `type`, `kodepos`, `deleted_at`) VALUES (471, 'Tebo', 8, 'Kabupaten', '37519', NULL);
INSERT INTO `miracles`.`kota` (`id`, `nama`, `id_provinsi`, `type`, `kodepos`, `deleted_at`) VALUES (472, 'Tegal', 10, 'Kabupaten', '52419', NULL);
INSERT INTO `miracles`.`kota` (`id`, `nama`, `id_provinsi`, `type`, `kodepos`, `deleted_at`) VALUES (473, 'Tegal', 10, 'Kota', '52114', NULL);
INSERT INTO `miracles`.`kota` (`id`, `nama`, `id_provinsi`, `type`, `kodepos`, `deleted_at`) VALUES (474, 'Teluk Bintuni', 25, 'Kabupaten', '98551', NULL);
INSERT INTO `miracles`.`kota` (`id`, `nama`, `id_provinsi`, `type`, `kodepos`, `deleted_at`) VALUES (475, 'Teluk Wondama', 25, 'Kabupaten', '98591', NULL);
INSERT INTO `miracles`.`kota` (`id`, `nama`, `id_provinsi`, `type`, `kodepos`, `deleted_at`) VALUES (476, 'Temanggung', 10, 'Kabupaten', '56212', NULL);
INSERT INTO `miracles`.`kota` (`id`, `nama`, `id_provinsi`, `type`, `kodepos`, `deleted_at`) VALUES (477, 'Ternate', 20, 'Kota', '97714', NULL);
INSERT INTO `miracles`.`kota` (`id`, `nama`, `id_provinsi`, `type`, `kodepos`, `deleted_at`) VALUES (478, 'Tidore Kepulauan', 20, 'Kota', '97815', NULL);
INSERT INTO `miracles`.`kota` (`id`, `nama`, `id_provinsi`, `type`, `kodepos`, `deleted_at`) VALUES (479, 'Timor Tengah Selatan', 23, 'Kabupaten', '85562', NULL);
INSERT INTO `miracles`.`kota` (`id`, `nama`, `id_provinsi`, `type`, `kodepos`, `deleted_at`) VALUES (480, 'Timor Tengah Utara', 23, 'Kabupaten', '85612', NULL);
INSERT INTO `miracles`.`kota` (`id`, `nama`, `id_provinsi`, `type`, `kodepos`, `deleted_at`) VALUES (481, 'Toba Samosir', 34, 'Kabupaten', '22316', NULL);
INSERT INTO `miracles`.`kota` (`id`, `nama`, `id_provinsi`, `type`, `kodepos`, `deleted_at`) VALUES (482, 'Tojo Una-Una', 29, 'Kabupaten', '94683', NULL);
INSERT INTO `miracles`.`kota` (`id`, `nama`, `id_provinsi`, `type`, `kodepos`, `deleted_at`) VALUES (483, 'Toli-Toli', 29, 'Kabupaten', '94542', NULL);
INSERT INTO `miracles`.`kota` (`id`, `nama`, `id_provinsi`, `type`, `kodepos`, `deleted_at`) VALUES (484, 'Tolikara', 24, 'Kabupaten', '99411', NULL);
INSERT INTO `miracles`.`kota` (`id`, `nama`, `id_provinsi`, `type`, `kodepos`, `deleted_at`) VALUES (485, 'Tomohon', 31, 'Kota', '95416', NULL);
INSERT INTO `miracles`.`kota` (`id`, `nama`, `id_provinsi`, `type`, `kodepos`, `deleted_at`) VALUES (486, 'Toraja Utara', 28, 'Kabupaten', '91831', NULL);
INSERT INTO `miracles`.`kota` (`id`, `nama`, `id_provinsi`, `type`, `kodepos`, `deleted_at`) VALUES (487, 'Trenggalek', 11, 'Kabupaten', '66312', NULL);
INSERT INTO `miracles`.`kota` (`id`, `nama`, `id_provinsi`, `type`, `kodepos`, `deleted_at`) VALUES (488, 'Tual', 19, 'Kota', '97612', NULL);
INSERT INTO `miracles`.`kota` (`id`, `nama`, `id_provinsi`, `type`, `kodepos`, `deleted_at`) VALUES (489, 'Tuban', 11, 'Kabupaten', '62319', NULL);
INSERT INTO `miracles`.`kota` (`id`, `nama`, `id_provinsi`, `type`, `kodepos`, `deleted_at`) VALUES (490, 'Tulang Bawang', 18, 'Kabupaten', '34613', NULL);
INSERT INTO `miracles`.`kota` (`id`, `nama`, `id_provinsi`, `type`, `kodepos`, `deleted_at`) VALUES (491, 'Tulang Bawang Barat', 18, 'Kabupaten', '34419', NULL);
INSERT INTO `miracles`.`kota` (`id`, `nama`, `id_provinsi`, `type`, `kodepos`, `deleted_at`) VALUES (492, 'Tulungagung', 11, 'Kabupaten', '66212', NULL);
INSERT INTO `miracles`.`kota` (`id`, `nama`, `id_provinsi`, `type`, `kodepos`, `deleted_at`) VALUES (493, 'Wajo', 28, 'Kabupaten', '90911', NULL);
INSERT INTO `miracles`.`kota` (`id`, `nama`, `id_provinsi`, `type`, `kodepos`, `deleted_at`) VALUES (494, 'Wakatobi', 30, 'Kabupaten', '93791', NULL);
INSERT INTO `miracles`.`kota` (`id`, `nama`, `id_provinsi`, `type`, `kodepos`, `deleted_at`) VALUES (495, 'Waropen', 24, 'Kabupaten', '98269', NULL);
INSERT INTO `miracles`.`kota` (`id`, `nama`, `id_provinsi`, `type`, `kodepos`, `deleted_at`) VALUES (496, 'Way Kanan', 18, 'Kabupaten', '34711', NULL);
INSERT INTO `miracles`.`kota` (`id`, `nama`, `id_provinsi`, `type`, `kodepos`, `deleted_at`) VALUES (497, 'Wonogiri', 10, 'Kabupaten', '57619', NULL);
INSERT INTO `miracles`.`kota` (`id`, `nama`, `id_provinsi`, `type`, `kodepos`, `deleted_at`) VALUES (498, 'Wonosobo', 10, 'Kabupaten', '56311', NULL);
INSERT INTO `miracles`.`kota` (`id`, `nama`, `id_provinsi`, `type`, `kodepos`, `deleted_at`) VALUES (499, 'Yahukimo', 24, 'Kabupaten', '99041', NULL);
INSERT INTO `miracles`.`kota` (`id`, `nama`, `id_provinsi`, `type`, `kodepos`, `deleted_at`) VALUES (500, 'Yalimo', 24, 'Kabupaten', '99481', NULL);
INSERT INTO `miracles`.`kota` (`id`, `nama`, `id_provinsi`, `type`, `kodepos`, `deleted_at`) VALUES (501, 'Yogyakarta', 5, 'Kota', '55222', NULL);

COMMIT;


-- -----------------------------------------------------
-- Data for table `miracles`.`modul`
-- -----------------------------------------------------
START TRANSACTION;
USE `miracles`;
INSERT INTO `miracles`.`modul` (`id`, `modul`, `url`) VALUES (1, 'DASHBOARD', 'dashboard');
INSERT INTO `miracles`.`modul` (`id`, `modul`, `url`) VALUES (2, 'MASTER', 'master');
INSERT INTO `miracles`.`modul` (`id`, `modul`, `url`) VALUES (3, 'MODUL', 'modul');
INSERT INTO `miracles`.`modul` (`id`, `modul`, `url`) VALUES (4, 'MODUL ENTRY', 'master/modul/entry');
INSERT INTO `miracles`.`modul` (`id`, `modul`, `url`) VALUES (5, 'MODUL LIST', 'master/modul/list');
INSERT INTO `miracles`.`modul` (`id`, `modul`, `url`) VALUES (6, 'CMS', 'cms');
INSERT INTO `miracles`.`modul` (`id`, `modul`, `url`) VALUES (7, 'DEPARTMEN', 'department');
INSERT INTO `miracles`.`modul` (`id`, `modul`, `url`) VALUES (8, 'DEPARTMEN ENTRY', 'master/department/entry');
INSERT INTO `miracles`.`modul` (`id`, `modul`, `url`) VALUES (9, 'DEPARTMEN LIST', 'master/department/list');
INSERT INTO `miracles`.`modul` (`id`, `modul`, `url`) VALUES (10, 'BANK', 'bank');
INSERT INTO `miracles`.`modul` (`id`, `modul`, `url`) VALUES (11, 'BANK ENTRY', 'master/bank/entry');
INSERT INTO `miracles`.`modul` (`id`, `modul`, `url`) VALUES (12, 'BANK LIST', 'master/bank/list');
INSERT INTO `miracles`.`modul` (`id`, `modul`, `url`) VALUES (13, 'LOKASI', 'lokasi');
INSERT INTO `miracles`.`modul` (`id`, `modul`, `url`) VALUES (14, 'PROVINSI ENTRY', 'master/lokasi/provinsi/entry');
INSERT INTO `miracles`.`modul` (`id`, `modul`, `url`) VALUES (15, 'PROVINSI LIST', 'master/lokasi/provinsi/list');
INSERT INTO `miracles`.`modul` (`id`, `modul`, `url`) VALUES (16, 'KOTA ENTRY', 'master/lokasi/kota/entry');
INSERT INTO `miracles`.`modul` (`id`, `modul`, `url`) VALUES (17, 'KOTA LIST', 'master/lokasi/kota/list');
INSERT INTO `miracles`.`modul` (`id`, `modul`, `url`) VALUES (18, 'KECAMATAN ENTRY', 'master/lokasi/kecamatan/entry');
INSERT INTO `miracles`.`modul` (`id`, `modul`, `url`) VALUES (19, 'KECAMATAN LIST', 'master/lokasi/kecamatan/list');
INSERT INTO `miracles`.`modul` (`id`, `modul`, `url`) VALUES (20, 'USER', 'users');
INSERT INTO `miracles`.`modul` (`id`, `modul`, `url`) VALUES (21, 'USER ENTRY', 'master/users/entry');
INSERT INTO `miracles`.`modul` (`id`, `modul`, `url`) VALUES (22, 'USER LIST', 'master/users/list');
INSERT INTO `miracles`.`modul` (`id`, `modul`, `url`) VALUES (23, 'BARANG', 'barang');
INSERT INTO `miracles`.`modul` (`id`, `modul`, `url`) VALUES (24, 'BARANG CATEGORY ENTRY', 'master/barang/category/entry');
INSERT INTO `miracles`.`modul` (`id`, `modul`, `url`) VALUES (25, 'BARANG CATEGORY LIST', 'master/barang/category/list');
INSERT INTO `miracles`.`modul` (`id`, `modul`, `url`) VALUES (26, 'BARANG REGISTER ENTRY', 'master/barang/register/entry');
INSERT INTO `miracles`.`modul` (`id`, `modul`, `url`) VALUES (27, 'BARANG REGISTER LIST', 'master/barang/register/list');
INSERT INTO `miracles`.`modul` (`id`, `modul`, `url`) VALUES (28, 'TRANSACTION', 'transaction');
INSERT INTO `miracles`.`modul` (`id`, `modul`, `url`) VALUES (29, 'TRANSACTION PIUTANG ENTRY', 'transaction/piutang/entry');
INSERT INTO `miracles`.`modul` (`id`, `modul`, `url`) VALUES (30, 'TRANSACTION PIUTANG LIST', 'transaction/piutang/list');
INSERT INTO `miracles`.`modul` (`id`, `modul`, `url`) VALUES (31, 'KONFIRMASI KIRIM', 'transaction/confirmation/list');
INSERT INTO `miracles`.`modul` (`id`, `modul`, `url`) VALUES (32, 'INPUT RESI', 'transaction/confirmation/entry');
INSERT INTO `miracles`.`modul` (`id`, `modul`, `url`) VALUES (33, 'CMS CONTACT', 'cms/contact');
INSERT INTO `miracles`.`modul` (`id`, `modul`, `url`) VALUES (34, 'CMS SLIDER ENTRY', 'cms/home/entry');
INSERT INTO `miracles`.`modul` (`id`, `modul`, `url`) VALUES (35, 'CMS SLIDER LIST', 'cms/home/list');
INSERT INTO `miracles`.`modul` (`id`, `modul`, `url`) VALUES (36, 'CMS ALL TOP PARALLAX', 'cms/page-image/all-top-parallax');
INSERT INTO `miracles`.`modul` (`id`, `modul`, `url`) VALUES (37, 'CMS REGISTER USER', 'cms/page-image/register-user');
INSERT INTO `miracles`.`modul` (`id`, `modul`, `url`) VALUES (38, 'CMS LOGINUSER', 'cms/page-image/login-user');

COMMIT;


-- -----------------------------------------------------
-- Data for table `miracles`.`barang_has_department`
-- -----------------------------------------------------
START TRANSACTION;
USE `miracles`;
INSERT INTO `miracles`.`barang_has_department` (`barang_id`, `department_id`, `harga`) VALUES (3, 1, 20000.0000);

COMMIT;


-- -----------------------------------------------------
-- Data for table `miracles`.`department_has_modul`
-- -----------------------------------------------------
START TRANSACTION;
USE `miracles`;
INSERT INTO `miracles`.`department_has_modul` (`department_id`, `modul_id`) VALUES (1, 1);
INSERT INTO `miracles`.`department_has_modul` (`department_id`, `modul_id`) VALUES (1, 2);
INSERT INTO `miracles`.`department_has_modul` (`department_id`, `modul_id`) VALUES (1, 3);
INSERT INTO `miracles`.`department_has_modul` (`department_id`, `modul_id`) VALUES (1, 4);
INSERT INTO `miracles`.`department_has_modul` (`department_id`, `modul_id`) VALUES (1, 5);
INSERT INTO `miracles`.`department_has_modul` (`department_id`, `modul_id`) VALUES (1, 6);
INSERT INTO `miracles`.`department_has_modul` (`department_id`, `modul_id`) VALUES (1, 7);
INSERT INTO `miracles`.`department_has_modul` (`department_id`, `modul_id`) VALUES (1, 8);
INSERT INTO `miracles`.`department_has_modul` (`department_id`, `modul_id`) VALUES (1, 9);
INSERT INTO `miracles`.`department_has_modul` (`department_id`, `modul_id`) VALUES (1, 10);
INSERT INTO `miracles`.`department_has_modul` (`department_id`, `modul_id`) VALUES (1, 11);
INSERT INTO `miracles`.`department_has_modul` (`department_id`, `modul_id`) VALUES (1, 12);
INSERT INTO `miracles`.`department_has_modul` (`department_id`, `modul_id`) VALUES (1, 13);
INSERT INTO `miracles`.`department_has_modul` (`department_id`, `modul_id`) VALUES (1, 14);
INSERT INTO `miracles`.`department_has_modul` (`department_id`, `modul_id`) VALUES (1, 15);
INSERT INTO `miracles`.`department_has_modul` (`department_id`, `modul_id`) VALUES (1, 16);
INSERT INTO `miracles`.`department_has_modul` (`department_id`, `modul_id`) VALUES (1, 17);
INSERT INTO `miracles`.`department_has_modul` (`department_id`, `modul_id`) VALUES (1, 18);
INSERT INTO `miracles`.`department_has_modul` (`department_id`, `modul_id`) VALUES (1, 19);
INSERT INTO `miracles`.`department_has_modul` (`department_id`, `modul_id`) VALUES (1, 20);
INSERT INTO `miracles`.`department_has_modul` (`department_id`, `modul_id`) VALUES (1, 21);
INSERT INTO `miracles`.`department_has_modul` (`department_id`, `modul_id`) VALUES (1, 22);
INSERT INTO `miracles`.`department_has_modul` (`department_id`, `modul_id`) VALUES (1, 23);
INSERT INTO `miracles`.`department_has_modul` (`department_id`, `modul_id`) VALUES (1, 24);
INSERT INTO `miracles`.`department_has_modul` (`department_id`, `modul_id`) VALUES (1, 25);
INSERT INTO `miracles`.`department_has_modul` (`department_id`, `modul_id`) VALUES (1, 26);
INSERT INTO `miracles`.`department_has_modul` (`department_id`, `modul_id`) VALUES (1, 27);
INSERT INTO `miracles`.`department_has_modul` (`department_id`, `modul_id`) VALUES (1, 28);
INSERT INTO `miracles`.`department_has_modul` (`department_id`, `modul_id`) VALUES (1, 29);
INSERT INTO `miracles`.`department_has_modul` (`department_id`, `modul_id`) VALUES (1, 30);
INSERT INTO `miracles`.`department_has_modul` (`department_id`, `modul_id`) VALUES (1, 31);
INSERT INTO `miracles`.`department_has_modul` (`department_id`, `modul_id`) VALUES (1, 32);
INSERT INTO `miracles`.`department_has_modul` (`department_id`, `modul_id`) VALUES (1, 33);
INSERT INTO `miracles`.`department_has_modul` (`department_id`, `modul_id`) VALUES (1, 34);
INSERT INTO `miracles`.`department_has_modul` (`department_id`, `modul_id`) VALUES (1, 35);
INSERT INTO `miracles`.`department_has_modul` (`department_id`, `modul_id`) VALUES (1, 36);
INSERT INTO `miracles`.`department_has_modul` (`department_id`, `modul_id`) VALUES (1, 37);
INSERT INTO `miracles`.`department_has_modul` (`department_id`, `modul_id`) VALUES (1, 38);

COMMIT;

